1900-01-05T18:03:22.336,1900-01-20T11:31:49.382,1900-02-04T05:50:54.800,1900-02-19T02:00:36.544,1900-03-06T00:21:17.115,1900-03-21T01:38:26.255,1900-04-05T05:52:05.432,1900-04-20T13:26:31.735,1900-05-05T23:54:37.091,1900-05-21T13:16:21.194,1900-06-06T04:38:21.360,1900-06-21T21:39:11.978,1900-07-07T15:09:35.002,1900-07-23T08:35:33.461,1900-08-08T00:50:00.430,1900-08-23T15:19:15.317,1900-09-08T03:16:03.879,1900-09-23T12:19:36.640,1900-10-08T18:12:34.692,1900-10-23T20:54:42.160,1900-11-07T20:39:09.826,1900-11-22T17:47:16.436,1900-12-07T12:55:16.917,1900-12-22T06:40:59.808
1901-01-05T23:52:48.996,1901-01-20T17:15:52.927,1901-02-04T11:39:17.422,1901-02-19T07:44:19.693,1901-03-06T06:10:17.701,1901-03-21T07:22:58.077,1901-04-05T11:43:48.068,1901-04-20T19:12:51.868,1901-05-06T05:49:50.137,1901-05-21T19:04:06.147,1901-06-06T10:35:53.865,1901-06-22T03:27:14.069,1901-07-07T21:07:01.633,1901-07-23T14:23:13.484,1901-08-08T06:45:33.390,1901-08-23T21:06:56.010,1901-09-08T09:09:42.209,1901-09-23T18:08:22.959,1901-10-09T00:05:55.162,1901-10-24T02:45:40.888,1901-11-08T02:33:57.649,1901-11-22T23:40:40.775,1901-12-07T18:52:05.953,1901-12-22T12:36:03.282
1902-01-06T05:51:01.178,1902-01-20T23:11:23.081,1902-02-04T17:37:35.608,1902-02-19T13:39:08.678,1902-03-06T12:06:58.526,1902-03-21T13:16:00.271,1902-04-05T17:36:52.631,1902-04-21T01:03:32.255,1902-05-06T11:38:16.699,1902-05-22T00:53:00.236,1902-06-06T16:19:15.719,1902-06-22T09:14:35.557,1902-07-08T02:45:48.331,1902-07-23T20:09:19.064,1902-08-08T12:21:44.325,1902-08-24T02:52:30.075,1902-09-08T14:45:53.768,1902-09-23T23:54:48.162,1902-10-09T05:44:38.191,1902-10-24T08:35:06.456,1902-11-08T08:17:14.094,1902-11-23T05:34:52.874,1902-12-08T00:40:29.937,1902-12-22T18:34:59.812
1903-01-06T11:43:11.419,1903-01-21T05:13:00.053,1903-02-04T23:30:44.771,1903-02-19T19:40:16.387,1903-03-06T17:58:20.795,1903-03-21T19:14:14.719,1903-04-05T23:25:22.503,1903-04-21T06:58:07.004,1903-05-06T17:24:50.630,1903-05-22T06:44:27.011,1903-06-06T22:06:37.728,1903-06-22T15:04:25.314,1903-07-08T08:36:05.459,1903-07-24T01:58:14.960,1903-08-08T18:15:18.655,1903-08-24T08:41:04.940,1903-09-08T20:41:49.921,1903-09-24T05:43:10.538,1903-10-09T11:41:12.514,1903-10-24T14:22:32.280,1903-11-08T14:12:52.077,1903-11-23T11:20:54.330,1903-12-08T06:34:48.793,1903-12-23T00:19:55.177
1904-01-06T17:36:32.460,1904-01-21T10:57:20.369,1904-02-05T05:23:37.081,1904-02-20T01:24:20.239,1904-03-05T23:51:08.588,1904-03-21T00:58:02.922,1904-04-05T05:18:20.638,1904-04-20T12:41:38.375,1904-05-05T23:18:04.150,1904-05-21T12:28:25.805,1904-06-06T04:00:27.444,1904-06-21T20:50:48.750,1904-07-07T14:31:13.203,1904-07-23T07:49:05.988,1904-08-08T00:11:22.075,1904-08-23T14:35:54.818,1904-09-08T02:37:29.540,1904-09-23T11:39:43.165,1904-10-08T17:35:05.655,1904-10-23T20:18:33.116,1904-11-07T20:04:29.968,1904-11-22T17:15:23.606,1904-12-07T12:24:52.375,1904-12-22T06:13:27.334
1905-01-05T23:26:38.591,1905-01-20T16:51:26.247,1905-02-04T11:15:19.770,1905-02-19T07:20:28.379,1905-03-06T05:45:06.824,1905-03-21T06:57:02.212,1905-04-05T11:13:59.804,1905-04-20T18:43:15.893,1905-05-06T05:13:35.707,1905-05-21T18:30:47.661,1905-06-06T09:53:05.046,1905-06-22T02:50:53.350,1905-07-07T20:19:30.791,1905-07-23T13:45:07.336,1905-08-08T05:56:30.527,1905-08-23T20:28:09.127,1905-09-08T08:21:18.668,1905-09-23T17:29:29.160,1905-10-08T23:19:08.291,1905-10-24T02:07:28.225,1905-11-08T01:49:18.790,1905-11-22T23:04:25.869,1905-12-07T18:10:19.738,1905-12-22T12:03:14.199
1906-01-06T05:12:59.589,1906-01-20T22:42:47.550,1906-02-04T17:03:25.656,1906-02-19T13:14:00.409,1906-03-06T11:35:38.272,1906-03-21T12:52:20.209,1906-04-05T17:06:48.823,1906-04-21T00:38:43.071,1906-05-06T11:08:00.619,1906-05-22T00:24:27.773,1906-06-06T15:48:26.898,1906-06-22T08:41:20.510,1906-07-08T02:14:48.445,1906-07-23T19:32:04.772,1906-08-08T11:51:06.940,1906-08-24T02:13:03.636,1906-09-08T14:15:48.891,1906-09-23T23:14:33.099,1906-10-09T05:14:27.715,1906-10-24T07:54:16.700,1906-11-08T07:46:27.497,1906-11-23T04:53:24.515,1906-12-08T00:08:59.656,1906-12-22T17:52:50.949
1907-01-06T11:10:58.046,1907-01-21T04:30:20.742,1907-02-04T22:58:21.791,1907-02-19T18:57:51.333,1907-03-06T17:26:38.587,1907-03-21T18:32:33.074,1907-04-05T22:54:20.279,1907-04-21T06:16:46.265,1907-05-06T16:53:09.716,1907-05-22T06:02:48.269,1907-06-06T21:32:31.026,1907-06-22T14:22:33.478,1907-07-08T07:58:44.041,1907-07-24T01:17:30.814,1907-08-08T17:35:31.919,1907-08-24T08:02:57.307,1907-09-08T20:01:36.876,1907-09-24T05:08:27.097,1907-10-09T11:02:20.559,1907-10-24T13:51:07.305,1907-11-08T13:35:52.675,1907-11-23T10:51:38.571,1907-12-08T05:59:01.500,1907-12-22T23:51:07.282
1908-01-06T17:00:42.331,1908-01-21T10:27:39.093,1908-02-05T04:46:48.920,1908-02-20T00:53:29.052,1908-03-05T23:13:10.267,1908-03-21T00:26:48.581,1908-04-05T04:39:21.748,1908-04-20T12:10:49.865,1908-05-05T22:37:55.016,1908-05-21T11:57:41.999,1908-06-06T03:18:38.740,1908-06-21T20:18:37.895,1908-07-07T13:47:35.977,1908-07-23T07:13:41.277,1908-08-07T23:26:18.640,1908-08-23T13:56:35.698,1908-09-08T01:51:53.746,1908-09-23T10:57:51.497,1908-10-08T16:50:27.501,1908-10-23T19:36:23.657,1908-11-07T19:21:34.762,1908-11-22T16:34:15.108,1908-12-07T11:43:14.517,1908-12-22T05:33:01.649
1909-01-05T22:44:50.568,1909-01-20T16:10:32.814,1909-02-04T10:32:08.706,1909-02-19T06:37:57.454,1909-03-06T05:00:24.101,1909-03-21T06:12:33.342,1909-04-05T10:29:01.621,1909-04-20T17:57:21.701,1909-05-06T04:30:25.996,1909-05-21T17:44:28.991,1909-06-06T09:13:33.013,1909-06-22T02:05:08.940,1909-07-07T19:43:34.709,1909-07-23T13:00:04.392,1909-08-08T05:22:05.852,1909-08-23T19:43:08.807,1909-09-08T07:46:12.345,1909-09-23T16:44:07.516,1909-10-08T22:42:45.033,1909-10-24T01:22:08.226,1909-11-08T01:12:40.695,1909-11-22T22:19:51.925,1909-12-07T17:34:25.956,1909-12-22T11:19:26.848
1910-01-06T04:37:35.971,1910-01-20T21:58:34.962,1910-02-04T16:27:00.791,1910-02-19T12:27:45.678,1910-03-06T10:56:09.625,1910-03-21T12:02:30.286,1910-04-05T16:22:33.833,1910-04-20T23:45:20.400,1910-05-06T10:18:57.974,1910-05-21T23:29:46.224,1910-06-06T14:55:59.356,1910-06-22T07:48:19.397,1910-07-08T01:20:40.492,1910-07-23T18:42:34.576,1910-08-08T10:56:48.192,1910-08-24T01:26:58.806,1910-09-08T13:21:49.847,1910-09-23T22:30:21.699,1910-10-09T04:20:45.211,1910-10-24T07:10:45.162,1910-11-08T06:53:03.035,1910-11-23T04:10:28.127,1910-12-07T23:16:32.601,1910-12-22T17:11:21.596
1911-01-06T10:20:31.627,1911-01-21T03:50:54.742,1911-02-04T22:09:56.792,1911-02-19T18:19:56.997,1911-03-06T16:38:29.570,1911-03-21T17:54:00.080,1911-04-05T22:04:10.557,1911-04-21T05:35:34.860,1911-05-06T15:59:56.737,1911-05-22T05:18:12.535,1911-06-06T20:37:31.772,1911-06-22T13:35:10.641,1911-07-08T07:04:34.583,1911-07-24T00:28:17.610,1911-08-08T16:44:04.138,1911-08-24T07:12:37.106,1911-09-08T19:12:55.496,1911-09-24T04:17:10.851,1911-10-09T10:14:34.865,1911-10-24T12:57:50.913,1911-11-08T12:46:39.641,1911-11-23T09:55:33.874,1911-12-08T05:07:14.113,1911-12-22T22:52:50.369
1912-01-06T16:07:09.219,1912-01-21T09:28:46.654,1912-02-05T03:53:11.647,1912-02-19T23:55:13.619,1912-03-05T22:20:41.888,1912-03-20T23:29:00.430,1912-04-05T03:47:55.701,1912-04-20T11:12:01.367,1912-05-05T21:46:43.545,1912-05-21T10:56:46.639,1912-06-06T02:27:10.280,1912-06-21T19:16:32.368,1912-07-07T12:56:23.764,1912-07-23T06:13:21.111,1912-08-07T22:36:53.950,1912-08-23T13:01:00.170,1912-09-08T01:05:21.630,1912-09-23T10:07:40.435,1912-10-08T16:06:24.672,1912-10-23T18:49:41.541,1912-11-07T18:38:20.706,1912-11-22T15:47:50.148,1912-12-07T10:58:35.814,1912-12-22T04:44:21.504
1913-01-05T21:57:36.409,1913-01-20T15:18:46.551,1913-02-04T09:42:19.976,1913-02-19T05:43:53.666,1913-03-06T04:08:39.404,1913-03-21T05:17:36.613,1913-04-05T09:35:27.898,1913-04-20T17:02:33.481,1913-05-06T03:34:21.386,1913-05-21T16:49:33.060,1913-06-06T08:13:07.010,1913-06-22T01:09:09.274,1913-07-07T18:38:35.187,1913-07-23T12:03:24.651,1913-08-08T04:15:30.403,1913-08-23T18:47:53.475,1913-09-08T06:42:05.397,1913-09-23T15:52:25.720,1913-10-08T21:43:21.232,1913-10-24T00:34:32.287,1913-11-08T00:17:24.323,1913-11-22T21:34:55.531,1913-12-07T16:40:44.145,1913-12-22T10:34:33.956
1914-01-06T03:42:34.442,1914-01-20T21:11:31.163,1914-02-04T15:28:59.856,1914-02-19T11:37:36.867,1914-03-06T09:55:32.753,1914-03-21T11:10:24.410,1914-04-05T15:21:33.561,1914-04-20T22:52:54.430,1914-05-06T09:19:43.830,1914-05-21T22:37:22.175,1914-06-06T13:59:40.061,1914-06-22T06:54:44.229,1914-07-08T00:26:56.079,1914-07-23T17:46:37.604,1914-08-08T10:04:55.718,1914-08-24T00:29:18.600,1914-09-08T12:32:10.802,1914-09-23T21:33:29.629,1914-10-09T03:34:31.148,1914-10-24T06:16:58.290,1914-11-08T06:10:44.752,1914-11-23T03:20:04.158,1914-12-07T22:36:49.583,1914-12-22T16:22:06.727
1915-01-06T09:40:00.505,1915-01-21T02:59:14.563,1915-02-04T21:25:09.301,1915-02-19T17:22:47.269,1915-03-06T15:47:59.483,1915-03-21T16:50:58.685,1915-04-05T21:08:58.266,1915-04-21T04:28:30.371,1915-05-06T15:02:28.038,1915-05-22T04:10:07.777,1915-06-06T19:39:50.300,1915-06-22T12:29:33.338,1915-07-08T06:07:30.448,1915-07-23T23:26:06.984,1915-08-08T15:47:26.580,1915-08-24T06:14:44.335,1915-09-08T18:16:50.266,1915-09-24T03:23:30.601,1915-10-09T09:20:37.196,1915-10-24T12:09:23.570,1915-11-08T11:57:22.559,1915-11-23T09:13:11.831,1915-12-08T04:23:38.344,1915-12-22T22:15:29.702
1916-01-06T15:27:32.629,1916-01-21T08:53:18.644,1916-02-05T03:13:44.331,1916-02-19T23:17:43.566,1916-03-05T21:37:07.057,1916-03-20T22:46:35.691,1916-04-05T02:57:35.116,1916-04-20T10:24:20.502,1916-05-05T20:49:32.345,1916-05-21T10:05:35.785,1916-06-06T01:25:26.173,1916-06-21T18:24:07.968,1916-07-07T11:53:19.544,1916-07-23T05:20:51.492,1916-08-07T21:34:43.467,1916-08-23T12:08:17.481,1916-09-08T00:04:46.071,1916-09-23T09:14:29.294,1916-10-08T15:07:37.049,1916-10-23T17:56:57.065,1916-11-07T17:42:01.381,1916-11-22T14:57:31.359,1916-12-07T10:05:56.483,1916-12-22T03:58:17.532
1917-01-05T21:09:14.355,1917-01-20T14:37:06.095,1917-02-04T08:57:18.487,1917-02-19T05:04:31.977,1917-03-06T03:24:33.627,1917-03-21T04:36:58.502,1917-04-05T08:49:39.514,1917-04-20T16:17:08.801,1917-05-06T02:45:27.963,1917-05-21T15:58:18.493,1917-06-06T07:22:57.525,1917-06-22T00:14:03.371,1917-07-07T17:49:59.637,1917-07-23T11:07:32.040,1917-08-08T03:29:53.568,1917-08-23T17:53:23.597,1917-09-08T05:59:07.991,1917-09-23T14:59:54.591,1917-10-08T21:01:54.725,1917-10-23T23:43:25.179,1917-11-07T23:36:41.626,1917-11-22T20:44:40.381,1917-12-07T16:00:47.408,1917-12-22T09:45:25.914
1918-01-06T03:04:12.206,1918-01-20T20:24:19.164,1918-02-04T14:52:53.175,1918-02-19T10:52:27.678,1918-03-06T09:20:43.167,1918-03-21T10:25:22.750,1918-04-05T14:44:59.026,1918-04-20T22:05:09.013,1918-05-06T08:37:58.681,1918-05-21T21:45:14.451,1918-06-06T13:10:45.842,1918-06-22T05:59:21.990,1918-07-07T23:31:56.068,1918-07-23T16:51:10.508,1918-08-08T09:07:12.330,1918-08-23T23:36:54.375,1918-09-08T11:35:14.103,1918-09-23T20:45:23.001,1918-10-09T02:40:06.993,1918-10-24T05:32:33.543,1918-11-08T05:18:40.098,1918-11-23T02:37:49.641,1918-12-07T21:46:18.310,1918-12-22T15:41:15.862
1919-01-06T08:51:16.550,1919-01-21T02:20:28.686,1919-02-04T20:39:11.309,1919-02-19T16:47:13.335,1919-03-06T15:05:16.597,1919-03-21T16:18:53.394,1919-04-05T20:28:30.443,1919-04-21T03:58:23.840,1919-05-06T14:21:48.458,1919-05-22T03:38:52.978,1919-06-06T18:56:25.699,1919-06-22T11:53:20.145,1919-07-08T05:20:19.960,1919-07-23T22:44:15.971,1919-08-08T14:57:49.561,1919-08-24T05:28:05.986,1919-09-08T17:27:25.753,1919-09-24T02:35:07.644,1919-10-09T08:33:07.756,1919-10-24T11:21:02.133,1919-11-08T11:11:21.068,1919-11-23T08:24:58.562,1919-12-08T03:37:37.263,1919-12-22T21:26:51.229
1920-01-06T14:40:36.484,1920-01-21T08:04:08.416,1920-02-05T02:26:15.325,1920-02-19T22:28:45.545,1920-03-05T20:50:50.868,1920-03-20T21:59:03.706,1920-04-05T02:14:43.324,1920-04-20T09:38:55.157,1920-05-05T20:11:06.028,1920-05-21T09:21:31.474,1920-06-06T00:50:11.803,1920-06-21T17:39:35.208,1920-07-07T11:18:25.514,1920-07-23T04:34:42.605,1920-08-07T20:58:03.455,1920-08-23T11:21:03.572,1920-09-07T23:26:21.396,1920-09-23T08:27:53.722,1920-10-08T14:28:58.646,1920-10-23T17:12:27.476,1920-11-07T17:04:43.987,1920-11-22T14:15:11.085,1920-12-07T09:30:07.820,1920-12-22T03:16:46.243
1921-01-05T20:33:30.676,1921-01-20T13:54:28.661,1921-02-04T08:20:01.273,1921-02-19T04:19:46.000,1921-03-06T02:44:57.879,1921-03-21T03:50:48.634,1921-04-05T08:08:30.897,1921-04-20T15:32:04.380,1921-05-06T02:04:07.558,1921-05-21T15:16:31.854,1921-06-06T06:41:16.416,1921-06-21T23:35:25.960,1921-07-07T17:06:24.522,1921-07-23T10:30:04.274,1921-08-08T02:43:14.891,1921-08-23T17:14:56.432,1921-09-08T05:09:28.751,1921-09-23T14:19:31.985,1921-10-08T20:10:25.886,1921-10-23T23:02:05.367,1921-11-07T22:45:19.621,1921-11-22T20:04:17.952,1921-12-07T15:11:14.810,1921-12-22T09:07:10.277
1922-01-06T02:16:45.872,1922-01-20T19:47:44.292,1922-02-04T14:06:14.553,1922-02-19T10:15:58.359,1922-03-06T08:33:39.549,1922-03-21T09:48:22.684,1922-04-05T13:57:50.567,1922-04-20T21:28:21.729,1922-05-06T07:52:41.325,1922-05-21T21:10:03.111,1922-06-06T12:30:05.973,1922-06-22T05:26:29.246,1922-07-07T22:57:16.045,1922-07-23T16:19:27.885,1922-08-08T08:36:57.842,1922-08-23T23:03:59.108,1922-09-08T11:06:09.070,1922-09-23T20:09:21.548,1922-10-09T02:09:15.485,1922-10-24T04:52:42.428,1922-11-08T04:45:02.168,1922-11-23T01:55:00.241,1922-12-07T21:10:29.346,1922-12-22T14:56:42.954
1923-01-06T08:13:49.961,1923-01-21T01:34:29.096,1923-02-04T20:00:08.318,1923-02-19T15:59:31.685,1923-03-06T14:24:16.573,1923-03-21T15:28:33.036,1923-04-05T19:45:37.362,1923-04-21T03:05:24.592,1923-05-06T13:38:05.434,1923-05-22T02:45:04.975,1923-06-06T18:14:09.181,1923-06-22T11:02:32.699,1923-07-08T04:42:02.391,1923-07-23T22:00:19.759,1923-08-08T14:24:19.591,1923-08-24T04:51:36.573,1923-09-08T16:57:00.080,1923-09-24T02:03:21.456,1923-10-09T08:03:13.418,1923-10-24T10:50:40.742,1923-11-08T10:40:11.599,1923-11-23T07:53:27.425,1923-12-08T03:04:25.158,1923-12-22T20:53:03.857
1924-01-06T14:05:24.361,1924-01-21T07:28:10.303,1924-02-05T01:49:23.216,1924-02-19T21:51:01.086,1924-03-05T20:12:04.689,1924-03-20T21:19:55.801,1924-04-05T01:32:59.161,1924-04-20T08:58:23.687,1924-05-05T19:25:30.515,1924-05-21T08:40:15.656,1924-06-06T00:01:22.753,1924-06-21T16:59:10.294,1924-07-07T10:29:16.125,1924-07-23T03:57:19.253,1924-08-07T20:12:05.693,1924-08-23T10:47:45.033,1924-09-07T22:45:22.015,1924-09-23T07:58:04.575,1924-10-08T13:52:00.816,1924-10-23T16:44:13.818,1924-11-07T16:29:03.779,1924-11-22T13:46:13.817,1924-12-07T08:52:51.237,1924-12-22T02:45:16.396
1925-01-05T19:53:05.803,1925-01-20T13:20:00.092,1925-02-04T07:36:36.276,1925-02-19T03:42:51.367,1925-03-06T01:59:40.021,1925-03-21T03:11:54.146,1925-04-05T07:22:18.942,1925-04-20T14:50:56.976,1925-05-06T01:17:41.565,1925-05-21T14:32:45.219,1925-06-06T05:56:13.589,1925-06-21T22:49:46.059,1925-07-07T16:24:46.091,1925-07-23T09:44:39.116,1925-08-08T02:06:56.623,1925-08-23T16:32:56.502,1925-09-08T04:39:52.892,1925-09-23T13:43:11.287,1925-10-08T19:47:13.520,1925-10-23T22:30:54.212,1925-11-07T22:26:04.681,1925-11-22T19:35:16.121,1925-12-07T14:52:08.830,1925-12-22T08:36:26.686
1926-01-06T01:54:08.736,1926-01-20T19:12:15.407,1926-02-04T13:38:06.162,1926-02-19T09:34:34.285,1926-03-06T07:59:31.843,1926-03-21T09:00:58.104,1926-04-05T13:18:08.244,1926-04-20T20:35:50.470,1926-05-06T07:08:13.203,1926-05-21T20:14:18.215,1926-06-06T11:41:29.899,1926-06-22T04:29:49.573,1926-07-07T22:05:28.095,1926-07-23T15:24:36.071,1926-08-08T07:44:04.418,1926-08-23T22:13:45.991,1926-09-08T10:15:43.719,1926-09-23T19:26:24.914,1926-10-09T01:24:43.544,1926-10-24T04:18:06.112,1926-11-08T04:07:33.414,1926-11-23T01:27:23.869,1926-12-07T20:38:30.698,1926-12-22T14:33:09.162
1927-01-06T07:44:28.504,1927-01-21T01:11:39.644,1927-02-04T19:29:53.806,1927-02-19T15:34:05.406,1927-03-06T13:50:08.206,1927-03-21T14:58:53.585,1927-04-05T19:05:57.365,1927-04-21T02:31:29.503,1927-05-06T12:52:53.943,1927-05-22T02:07:37.918,1927-06-06T17:24:37.811,1927-06-22T10:21:59.377,1927-07-08T03:49:48.050,1927-07-23T21:16:33.051,1927-08-08T13:31:16.445,1927-08-24T04:05:16.210,1927-09-08T16:05:17.808,1927-09-24T01:16:44.621,1927-10-09T07:14:56.838,1927-10-24T10:06:29.516,1927-11-08T09:56:45.470,1927-11-23T07:13:47.112,1927-12-08T02:26:10.245,1927-12-22T20:18:17.566
1928-01-06T13:31:02.896,1928-01-21T06:56:28.053,1928-02-05T01:16:13.922,1928-02-19T21:19:04.341,1928-03-05T19:37:06.458,1928-03-20T20:44:03.114,1928-04-05T00:54:23.393,1928-04-20T08:16:31.569,1928-05-05T18:43:20.216,1928-05-21T07:52:09.263,1928-06-05T23:16:59.653,1928-06-21T16:06:13.220,1928-07-07T09:42:29.333,1928-07-23T03:02:07.249,1928-08-07T19:27:22.373,1928-08-23T09:52:58.003,1928-09-07T22:01:37.529,1928-09-23T07:05:18.560,1928-10-08T13:09:43.899,1928-10-23T15:54:20.793,1928-11-07T15:49:22.272,1928-11-22T13:00:04.591,1928-12-07T08:17:08.923,1928-12-22T02:03:28.451
1929-01-05T19:21:53.346,1929-01-20T12:42:03.075,1929-02-04T07:08:34.709,1929-02-19T03:06:40.772,1929-03-06T01:31:49.740,1929-03-21T02:34:38.282,1929-04-05T06:51:04.951,1929-04-20T14:10:07.229,1929-05-06T00:40:11.308,1929-05-21T13:47:24.526,1929-06-06T05:10:39.887,1929-06-21T22:00:24.653,1929-07-07T15:31:30.156,1929-07-23T08:53:05.778,1929-08-08T01:08:31.983,1929-08-23T15:41:06.296,1929-09-08T03:39:26.938,1929-09-23T12:52:07.018,1929-10-08T18:46:53.658,1929-10-23T21:41:15.371,1929-11-07T21:27:19.059,1929-11-22T18:47:54.255,1929-12-07T13:56:16.513,1929-12-22T07:52:33.107
1930-01-06T01:02:24.242,1930-01-20T18:32:48.259,1930-02-04T12:50:59.267,1930-02-19T08:59:36.971,1930-03-06T07:16:25.814,1930-03-21T08:29:33.665,1930-04-05T12:37:14.522,1930-04-20T20:05:36.190,1930-05-06T06:26:50.948,1930-05-21T19:41:50.536,1930-06-06T10:57:53.875,1930-06-22T03:52:37.879,1930-07-07T21:19:31.675,1930-07-23T14:41:47.106,1930-08-08T06:56:49.424,1930-08-23T21:26:08.912,1930-09-08T09:28:13.255,1930-09-23T18:35:39.505,1930-10-09T00:37:20.018,1930-10-24T03:25:48.461,1930-11-08T03:20:02.928,1930-11-23T00:34:17.179,1930-12-07T19:50:29.026,1930-12-22T13:39:21.547
1931-01-06T06:55:26.863,1931-01-21T00:17:19.174,1931-02-04T18:40:29.015,1931-02-19T14:40:05.715,1931-03-06T13:01:57.173,1931-03-21T14:06:05.679,1931-04-05T18:20:15.663,1931-04-21T01:39:35.764,1931-05-06T12:09:24.779,1931-05-22T01:15:13.034,1931-06-06T16:41:36.043,1931-06-22T09:27:51.876,1931-07-08T03:05:26.297,1931-07-23T20:21:11.483,1931-08-08T12:44:45.069,1931-08-24T03:10:04.809,1931-09-08T15:17:08.596,1931-09-24T00:23:06.093,1931-10-09T06:26:42.873,1931-10-24T09:15:16.290,1931-11-08T09:09:45.432,1931-11-23T06:24:30.200,1931-12-08T01:40:07.451,1931-12-22T19:29:23.100
1932-01-06T12:44:56.005,1932-01-21T06:06:37.900,1932-02-05T00:29:12.075,1932-02-19T20:28:11.577,1932-03-05T18:49:10.894,1932-03-20T19:53:23.153,1932-04-05T00:06:10.064,1932-04-20T07:27:51.453,1932-05-05T17:54:59.287,1932-05-21T07:06:22.987,1932-06-05T22:27:35.713,1932-06-21T15:22:25.473,1932-07-07T08:52:07.808,1932-07-23T02:17:50.999,1932-08-07T18:31:39.804,1932-08-23T09:06:02.748,1932-09-07T21:02:42.314,1932-09-23T06:15:41.278,1932-10-08T12:09:28.174,1932-10-23T15:03:41.774,1932-11-07T14:49:30.913,1932-11-22T12:09:55.639,1932-12-07T07:18:03.475,1932-12-22T01:14:04.337
1933-01-05T18:23:11.913,1933-01-20T11:52:31.161,1933-02-04T06:09:07.452,1933-02-19T02:16:06.765,1933-03-06T00:31:15.835,1933-03-21T01:42:54.143,1933-04-05T05:50:20.337,1933-04-20T13:18:04.572,1933-05-05T23:41:35.219,1933-05-21T12:56:35.607,1933-06-06T04:17:10.660,1933-06-21T21:11:37.351,1933-07-07T14:44:09.285,1933-07-23T08:05:14.094,1933-08-08T00:25:22.284,1933-08-23T14:52:10.410,1933-09-08T02:57:17.650,1933-09-23T12:00:56.566,1933-10-08T18:03:44.519,1933-10-23T20:47:53.418,1933-11-07T20:42:50.046,1933-11-22T17:53:15.204,1933-12-07T13:10:56.576,1933-12-22T06:57:17.872
1934-01-06T00:16:17.049,1934-01-20T17:36:43.915,1934-02-04T12:03:28.222,1934-02-19T08:01:28.072,1934-03-06T06:26:10.512,1934-03-21T07:27:42.983,1934-04-05T11:43:29.384,1934-04-20T18:59:56.953,1934-05-06T05:30:34.287,1934-05-21T18:34:42.346,1934-06-06T10:01:12.625,1934-06-22T02:47:43.003,1934-07-07T20:24:16.248,1934-07-23T13:41:59.723,1934-08-08T06:03:29.362,1934-08-23T20:31:51.396,1934-09-08T08:35:58.651,1934-09-23T17:44:59.253,1934-10-08T23:44:50.085,1934-10-24T02:36:05.556,1934-11-08T02:26:32.102,1934-11-22T23:44:11.174,1934-12-07T18:56:21.992,1934-12-22T12:49:13.395
1935-01-06T06:02:10.206,1935-01-20T23:28:07.869,1935-02-04T17:48:31.146,1935-02-19T13:51:48.852,1935-03-06T12:10:01.894,1935-03-21T13:17:33.447,1935-04-05T17:26:11.055,1935-04-21T00:49:54.462,1935-05-06T11:11:52.753,1935-05-22T00:24:38.185,1935-06-06T15:41:26.162,1935-06-22T08:37:42.652,1935-07-08T02:05:23.907,1935-07-23T19:32:45.188,1935-08-08T11:47:40.242,1935-08-24T02:23:46.968,1935-09-08T14:23:55.773,1935-09-23T23:37:57.844,1935-10-09T05:35:29.998,1935-10-24T08:28:59.856,1935-11-08T08:17:22.138,1935-11-23T05:35:13.878,1935-12-08T00:44:41.931,1935-12-22T18:36:55.287
1936-01-06T11:46:28.603,1936-01-21T05:12:04.770,1936-02-04T23:29:06.590,1936-02-19T19:32:51.382,1936-03-05T17:48:56.151,1936-03-20T18:57:42.126,1936-04-04T23:06:35.020,1936-04-20T06:30:55.051,1936-05-05T16:56:20.157,1936-05-21T06:07:14.371,1936-06-05T21:30:30.869,1936-06-21T14:21:25.848,1936-07-07T07:58:08.655,1936-07-23T01:17:41.727,1936-08-07T17:43:01.134,1936-08-23T08:10:20.117,1936-09-07T20:20:24.989,1936-09-23T05:25:46.275,1936-10-08T11:32:15.793,1936-10-23T14:17:53.818,1936-11-07T14:14:29.677,1936-11-22T11:24:51.855,1936-12-07T06:42:05.320,1936-12-22T00:26:29.559
1937-01-05T17:43:35.908,1937-01-20T11:00:48.541,1937-02-04T05:25:24.175,1937-02-19T01:20:31.616,1937-03-05T23:44:15.314,1937-03-21T00:44:51.557,1937-04-05T05:01:12.293,1937-04-20T12:19:03.996,1937-05-05T22:50:26.853,1937-05-21T11:56:58.633,1937-06-06T03:22:40.886,1937-06-21T20:11:48.090,1937-07-07T13:45:48.001,1937-07-23T07:06:44.481,1937-08-07T23:25:13.062,1937-08-23T13:57:39.622,1937-09-08T01:59:15.120,1937-09-23T11:12:44.140,1937-10-08T17:10:45.391,1937-10-23T20:06:19.789,1937-11-07T19:55:06.052,1937-11-22T17:16:18.499,1937-12-07T12:26:08.319,1937-12-22T06:21:28.172
1938-01-05T23:30:59.990,1938-01-20T16:58:33.862,1938-02-04T11:14:48.982,1938-02-19T07:19:24.174,1938-03-06T05:33:36.458,1938-03-21T06:42:52.869,1938-04-05T10:48:28.881,1938-04-20T18:14:31.940,1938-05-06T04:34:59.670,1938-05-21T17:49:54.370,1938-06-06T09:06:30.238,1938-06-22T02:03:24.062,1938-07-07T19:31:13.175,1938-07-23T12:56:54.755,1938-08-08T05:12:31.547,1938-08-23T19:45:37.924,1938-09-08T07:47:57.448,1938-09-23T16:59:19.075,1938-10-08T23:01:14.371,1938-10-24T01:53:35.701,1938-11-08T01:48:09.922,1938-11-22T23:05:54.845,1938-12-07T18:21:49.333,1938-12-22T12:13:12.859
1939-01-06T05:27:42.054,1939-01-20T22:50:31.030,1939-02-04T17:10:16.947,1939-02-19T13:09:04.875,1939-03-06T11:26:01.226,1939-03-21T12:28:16.106,1939-04-05T16:37:14.127,1939-04-20T23:54:56.108,1939-05-06T10:20:53.862,1939-05-21T23:26:29.074,1939-06-06T14:51:29.402,1939-06-22T07:39:08.422,1939-07-08T01:18:12.684,1939-07-23T18:36:27.687,1939-08-08T11:03:19.244,1939-08-24T01:30:59.470,1939-09-08T13:41:53.702,1939-09-23T22:49:15.603,1939-10-09T04:56:28.664,1939-10-24T07:45:40.741,1939-11-08T07:43:23.198,1939-11-23T04:58:20.340,1939-12-08T00:16:53.107,1939-12-22T18:05:47.491
1940-01-06T11:23:32.496,1940-01-21T04:43:55.173,1940-02-04T23:07:23.863,1940-02-19T19:03:34.219,1940-03-05T17:23:49.436,1940-03-20T18:23:32.902,1940-04-04T22:34:25.106,1940-04-20T05:50:43.909,1940-05-05T16:16:07.708,1940-05-21T05:22:51.810,1940-06-05T20:43:54.397,1940-06-21T13:36:13.915,1940-07-07T07:07:52.540,1940-07-23T00:33:50.533,1940-08-07T16:51:22.289,1940-08-23T07:28:23.237,1940-09-07T19:29:05.690,1940-09-23T04:45:24.190,1940-10-08T10:42:15.402,1940-10-23T13:39:10.801,1940-11-07T13:26:38.998,1940-11-22T10:48:48.526,1940-12-07T05:57:43.785,1940-12-21T23:54:33.839
1941-01-05T17:03:47.026,1941-01-20T10:33:28.708,1941-02-04T04:49:37.057,1941-02-19T00:56:13.392,1941-03-05T23:09:56.714,1941-03-21T00:20:12.147,1941-04-05T04:24:48.437,1941-04-20T11:50:17.104,1941-05-05T22:09:43.093,1941-05-21T11:22:40.051,1941-06-06T02:39:04.397,1941-06-21T19:33:07.523,1941-07-07T13:02:56.675,1941-07-23T06:25:59.761,1941-08-07T22:45:44.326,1941-08-23T13:16:40.978,1941-09-08T01:23:42.772,1941-09-23T10:32:35.758,1941-10-08T16:38:06.021,1941-10-23T19:27:01.986,1941-11-07T19:23:56.532,1941-11-22T16:37:40.366,1941-12-07T11:55:51.574,1941-12-22T05:43:59.465
1942-01-05T23:02:10.718,1942-01-20T16:23:20.836,1942-02-04T10:48:26.040,1942-02-19T06:46:39.360,1942-03-06T05:09:12.248,1942-03-21T06:10:27.916,1942-04-05T10:23:42.220,1942-04-20T17:38:59.005,1942-05-06T04:06:43.074,1942-05-21T17:08:31.514,1942-06-06T08:32:24.980,1942-06-22T01:16:05.307,1942-07-07T18:51:39.392,1942-07-23T12:07:16.193,1942-08-08T04:30:10.520,1942-08-23T18:58:04.075,1942-09-08T07:05:59.742,1942-09-23T16:16:15.101,1942-10-08T22:21:36.166,1942-10-24T01:15:02.328,1942-11-08T01:11:00.633,1942-11-22T22:30:14.793,1942-12-07T17:46:40.372,1942-12-22T11:39:24.304
1943-01-06T04:54:43.633,1943-01-20T22:18:44.730,1943-02-04T16:39:57.870,1943-02-19T12:40:05.936,1943-03-06T10:58:24.993,1943-03-21T12:02:27.339,1943-04-05T16:11:04.612,1943-04-20T23:31:21.480,1943-05-06T09:53:14.862,1943-05-21T23:02:42.012,1943-06-06T14:18:50.762,1943-06-22T07:12:09.779,1943-07-08T00:38:42.762,1943-07-23T18:04:23.072,1943-08-08T10:18:23.042,1943-08-24T00:54:51.799,1943-09-08T12:55:01.771,1943-09-23T22:11:34.176,1943-10-09T04:10:21.847,1943-10-24T07:08:04.434,1943-11-08T06:58:38.915,1943-11-23T04:21:21.021,1943-12-07T23:32:44.732,1943-12-22T17:28:57.702
1944-01-06T10:39:09.256,1944-01-21T04:06:58.652,1944-02-04T22:22:49.033,1944-02-19T18:27:00.338,1944-03-05T16:40:19.561,1944-03-20T17:48:27.241,1944-04-04T21:53:51.404,1944-04-20T05:17:39.718,1944-05-05T15:39:36.473,1944-05-21T04:50:40.380,1944-06-05T20:10:46.255,1944-06-21T13:02:08.744,1944-07-07T06:35:55.436,1944-07-22T23:55:43.608,1944-08-07T16:18:44.085,1944-08-23T06:46:19.720,1944-09-07T18:55:25.224,1944-09-23T04:01:29.139,1944-10-08T10:08:35.944,1944-10-23T12:55:50.977,1944-11-07T12:54:32.587,1944-11-22T10:07:23.833,1944-12-07T05:27:34.014,1944-12-21T23:14:40.400
1945-01-05T16:34:20.827,1945-01-20T09:53:29.891,1945-02-04T04:19:16.680,1945-02-19T00:14:45.129,1945-03-05T22:37:54.710,1945-03-20T23:37:03.998,1945-04-05T03:51:41.445,1945-04-20T11:06:45.265,1945-05-05T21:36:30.682,1945-05-21T10:40:06.912,1945-06-06T02:05:18.550,1945-06-21T18:51:55.397,1945-07-07T12:26:41.215,1945-07-23T05:45:17.561,1945-08-07T22:04:58.653,1945-08-23T12:35:10.134,1945-09-08T00:38:02.499,1945-09-23T09:49:38.504,1945-10-08T15:49:03.017,1945-10-23T18:43:28.049,1945-11-07T18:34:05.400,1945-11-22T15:55:03.908,1945-12-07T11:07:33.380,1945-12-22T05:03:37.354
1946-01-05T22:16:14.457,1946-01-20T15:44:30.155,1946-02-04T10:03:48.161,1946-02-19T06:08:25.029,1946-03-06T04:24:32.529,1946-03-21T05:32:32.894,1946-04-05T09:38:26.141,1946-04-20T17:02:03.177,1946-05-06T03:21:22.071,1946-05-21T16:33:48.113,1946-06-06T07:48:36.527,1946-06-22T00:44:11.996,1946-07-07T18:10:42.940,1946-07-23T11:36:54.996,1946-08-08T03:51:29.710,1946-08-23T18:26:14.926,1946-09-08T06:27:19.609,1946-09-23T15:40:30.248,1946-10-08T21:40:41.770,1946-10-24T00:34:35.245,1946-11-08T00:27:03.747,1946-11-22T21:46:11.431,1946-12-07T17:00:06.287,1946-12-22T10:53:12.178
1947-01-06T04:06:14.449,1947-01-20T21:31:37.478,1947-02-04T15:50:16.823,1947-02-19T11:51:48.171,1947-03-06T10:07:51.449,1947-03-21T11:12:33.385,1947-04-05T15:20:03.345,1947-04-20T22:39:17.513,1947-05-06T09:02:52.480,1947-05-21T22:08:55.634,1947-06-06T13:31:06.915,1947-06-22T06:18:41.798,1947-07-07T23:55:43.920,1947-07-23T17:14:04.851,1947-08-08T09:40:46.640,1947-08-24T00:08:51.998,1947-09-08T12:20:59.943,1947-09-23T21:28:30.156,1947-10-09T03:37:13.154,1947-10-24T06:25:44.800,1947-11-08T06:24:18.183,1947-11-23T03:37:31.762,1947-12-07T22:56:07.087,1947-12-22T16:42:39.237
1948-01-06T10:00:08.910,1948-01-21T03:18:17.940,1948-02-04T21:41:55.250,1948-02-19T17:36:29.734,1948-03-05T15:57:49.414,1948-03-20T16:56:40.438,1948-04-04T21:09:15.494,1948-04-20T04:24:46.011,1948-05-05T14:52:08.984,1948-05-21T03:57:31.216,1948-06-05T19:20:16.166,1948-06-21T12:10:28.360,1948-07-07T05:43:25.603,1948-07-22T23:07:25.312,1948-08-07T15:26:14.428,1948-08-23T06:02:26.542,1948-09-07T18:04:54.520,1948-09-23T03:21:35.250,1948-10-08T09:20:11.058,1948-10-23T12:17:53.599,1948-11-07T12:06:28.074,1948-11-22T09:28:43.891,1948-12-07T04:37:33.910,1948-12-21T22:33:09.733
1949-01-05T15:41:04.856,1949-01-20T09:08:28.766,1949-02-04T03:22:46.286,1949-02-18T23:26:58.526,1949-03-05T21:39:12.530,1949-03-20T22:47:54.465,1949-04-05T02:51:55.403,1949-04-20T10:17:10.579,1949-05-05T20:36:31.533,1949-05-21T09:50:34.135,1949-06-06T01:06:45.147,1949-06-21T18:02:39.456,1949-07-07T11:31:31.289,1949-07-23T04:56:36.507,1949-08-07T21:14:53.211,1949-08-23T11:48:08.488,1949-09-07T23:54:05.849,1949-09-23T09:05:44.258,1949-10-08T15:10:58.496,1949-10-23T18:02:53.127,1949-11-07T17:59:42.519,1949-11-22T15:15:58.181,1949-12-07T10:33:20.814,1949-12-22T04:22:47.383
1950-01-05T21:38:39.192,1950-01-20T14:59:31.567,1950-02-04T09:20:42.148,1950-02-19T05:17:25.856,1950-03-06T03:35:22.169,1950-03-21T04:35:02.909,1950-04-05T08:44:22.348,1950-04-20T15:59:01.599,1950-05-06T02:24:32.411,1950-05-21T15:27:05.338,1950-06-06T06:50:56.356,1950-06-21T23:35:56.893,1950-07-07T17:13:13.892,1950-07-23T10:29:50.339,1950-08-08T02:55:08.501,1950-08-23T17:23:06.335,1950-09-08T05:33:36.527,1950-09-23T14:43:28.521,1950-10-08T20:51:35.733,1950-10-23T23:44:39.203,1950-11-07T23:43:39.955,1950-11-22T21:02:25.648,1950-12-07T16:21:37.252,1950-12-22T10:13:14.852
1951-01-06T03:30:20.240,1951-01-20T20:51:59.032,1951-02-04T15:13:23.429,1951-02-19T11:09:34.745,1951-03-06T09:26:37.516,1951-03-21T10:25:37.477,1951-04-05T14:32:34.874,1951-04-20T21:47:58.552,1951-05-06T08:09:11.306,1951-05-21T21:15:17.473,1951-06-06T12:32:28.435,1951-06-22T05:24:34.244,1951-07-07T22:53:48.899,1951-07-23T16:20:34.864,1951-08-08T08:37:23.656,1951-08-23T23:16:02.095,1951-09-08T11:18:07.719,1951-09-23T20:36:46.130,1951-10-09T02:36:19.664,1951-10-24T05:35:56.919,1951-11-08T05:26:33.104,1951-11-23T02:51:00.291,1951-12-07T22:02:16.086,1951-12-22T15:59:59.106
1952-01-06T09:09:41.562,1952-01-21T02:38:20.155,1952-02-04T20:52:50.284,1952-02-19T16:56:38.656,1952-03-05T15:07:14.715,1952-03-20T16:13:40.394,1952-04-04T20:14:58.981,1952-04-20T03:36:34.170,1952-05-05T13:53:57.704,1952-05-21T03:03:46.509,1952-06-05T18:20:15.488,1952-06-21T11:12:27.478,1952-07-07T04:44:35.765,1952-07-22T22:07:22.792,1952-08-07T14:31:02.156,1952-08-23T05:02:45.336,1952-09-07T17:13:38.293,1952-09-23T02:23:35.957,1952-10-08T08:32:20.987,1952-10-23T11:22:08.107,1952-11-07T11:21:31.314,1952-11-22T08:35:34.746,1952-12-07T03:55:30.799,1952-12-21T21:43:04.347
1953-01-05T15:01:59.769,1953-01-20T08:21:16.010,1953-02-04T02:45:50.478,1953-02-18T22:41:01.941,1953-03-05T21:02:24.012,1953-03-20T22:00:25.390,1953-04-05T02:12:34.148,1953-04-20T09:25:17.964,1953-05-05T19:52:16.476,1953-05-21T08:52:44.317,1953-06-06T00:16:02.882,1953-06-21T16:59:51.804,1953-07-07T10:34:52.454,1953-07-23T03:52:05.361,1953-08-07T20:14:33.010,1953-08-23T10:45:06.158,1953-09-07T22:52:39.411,1953-09-23T08:05:50.869,1953-10-08T14:10:22.508,1953-10-23T17:06:11.296,1953-11-07T17:00:54.717,1953-11-22T14:22:00.394,1953-12-07T09:36:56.941,1953-12-22T03:31:22.985
1954-01-05T20:45:15.054,1954-01-20T14:10:59.336,1954-02-04T08:30:39.646,1954-02-19T04:32:15.345,1954-03-06T02:48:29.651,1954-03-21T03:53:20.439,1954-04-05T07:59:06.607,1954-04-20T15:19:28.579,1954-05-06T01:38:06.145,1954-05-21T14:47:20.180,1954-06-06T06:00:46.887,1954-06-21T22:53:58.163,1954-07-07T16:19:08.751,1954-07-23T09:44:52.073,1954-08-08T01:59:01.974,1954-08-23T16:35:50.040,1954-09-08T04:37:49.303,1954-09-23T13:55:11.547,1954-10-08T19:57:14.548,1954-10-23T22:56:21.007,1954-11-07T22:50:31.551,1954-11-22T20:14:08.512,1954-12-07T15:28:28.238,1954-12-22T09:24:17.221
1955-01-06T02:35:50.483,1955-01-20T20:01:48.668,1955-02-04T14:17:34.401,1955-02-19T10:18:42.851,1955-03-06T08:30:55.322,1955-03-21T09:35:01.796,1955-04-05T13:38:42.074,1955-04-20T20:57:47.589,1955-05-06T07:17:56.189,1955-05-21T20:24:17.585,1955-06-06T11:43:23.743,1955-06-22T04:31:18.515,1955-07-07T22:05:50.124,1955-07-23T15:24:29.476,1955-08-08T07:50:00.872,1955-08-23T22:18:51.950,1955-09-08T10:31:43.933,1955-09-23T19:40:49.277,1955-10-09T01:52:06.400,1955-10-24T04:42:58.928,1955-11-08T04:45:07.465,1955-11-23T02:00:44.538,1955-12-07T21:22:46.237,1955-12-22T15:10:51.116
1956-01-06T08:30:15.773,1956-01-21T01:48:15.486,1956-02-04T20:11:53.758,1956-02-19T16:04:36.818,1956-03-05T14:24:25.621,1956-03-20T15:20:14.162,1956-04-04T19:31:07.607,1956-04-20T02:43:23.882,1956-05-05T13:09:56.061,1956-05-21T02:12:31.354,1956-06-05T17:35:46.743,1956-06-21T10:23:41.133,1956-07-07T03:58:00.022,1956-07-22T21:19:51.583,1956-08-07T13:40:12.049,1956-08-23T04:14:44.491,1956-09-07T16:18:54.681,1956-09-23T01:34:59.797,1956-10-08T07:35:51.782,1956-10-23T10:34:17.068,1956-11-07T10:25:52.574,1956-11-22T07:49:48.541,1956-12-07T03:02:04.454,1956-12-21T21:00:18.855
1957-01-05T14:10:24.784,1957-01-20T07:38:34.961,1957-02-04T01:54:36.481,1957-02-18T21:57:56.745,1957-03-05T20:10:05.720,1957-03-20T21:16:25.869,1957-04-05T01:18:47.636,1957-04-20T08:41:10.236,1957-05-05T18:58:21.385,1957-05-21T08:10:21.869,1957-06-05T23:24:43.194,1957-06-21T16:20:28.407,1957-07-07T09:48:09.307,1957-07-23T03:14:48.625,1957-08-07T19:32:02.466,1957-08-23T10:07:31.356,1957-09-07T22:12:10.483,1957-09-23T07:26:01.725,1957-10-08T13:29:56.953,1957-10-23T16:24:10.278,1957-11-07T16:20:00.957,1957-11-22T13:39:00.382,1957-12-07T08:55:55.898,1957-12-22T02:48:34.489
1958-01-05T20:04:18.113,1958-01-20T13:28:31.860,1958-02-04T07:49:10.858,1958-02-19T03:48:25.937,1958-03-06T02:04:51.511,1958-03-21T03:05:46.333,1958-04-05T07:12:19.882,1958-04-20T14:26:57.125,1958-05-06T00:49:09.954,1958-05-21T13:51:00.299,1958-06-06T05:12:11.088,1958-06-21T21:56:51.909,1958-07-07T15:33:24.695,1958-07-23T08:50:25.874,1958-08-08T01:17:09.974,1958-08-23T15:45:52.477,1958-09-08T03:58:48.878,1958-09-23T13:08:48.424,1958-10-08T19:19:08.505,1958-10-23T22:11:18.516,1958-11-07T22:11:53.823,1958-11-22T19:29:06.559,1958-12-07T14:49:36.311,1958-12-22T08:39:40.183
1959-01-06T01:58:18.549,1959-01-20T19:18:49.005,1959-02-04T13:42:09.524,1959-02-19T09:37:35.578,1959-03-06T07:56:37.011,1959-03-21T08:54:29.901,1959-04-05T13:03:03.458,1959-04-20T20:16:27.554,1959-05-06T06:38:43.727,1959-05-21T19:42:05.156,1959-06-06T11:00:04.221,1959-06-22T03:49:44.384,1959-07-07T21:19:52.343,1959-07-23T14:45:25.613,1959-08-08T07:04:04.667,1959-08-23T21:43:29.656,1959-09-08T09:47:54.027,1959-09-23T19:08:25.002,1959-10-09T01:09:48.225,1959-10-24T04:10:58.743,1959-11-08T04:02:04.654,1959-11-23T01:26:55.033,1959-12-07T20:37:17.656,1959-12-22T14:34:18.220
1960-01-06T07:42:26.380,1960-01-21T01:09:59.522,1960-02-04T19:23:07.416,1960-02-19T15:26:14.584,1960-03-05T13:36:04.343,1960-03-20T14:42:39.398,1960-04-04T18:43:32.816,1960-04-20T02:05:51.574,1960-05-05T12:22:33.058,1960-05-21T01:33:28.895,1960-06-05T16:48:33.059,1960-06-21T09:42:15.131,1960-07-07T03:12:38.354,1960-07-22T20:37:24.662,1960-08-07T12:59:44.155,1960-08-23T03:34:21.909,1960-09-07T15:45:21.679,1960-09-23T00:58:49.311,1960-10-08T07:08:39.296,1960-10-23T10:01:48.800,1960-11-07T10:02:01.498,1960-11-22T07:18:20.862,1960-12-07T02:37:44.208,1960-12-21T20:25:53.453
1961-01-05T13:42:35.398,1961-01-20T07:01:05.445,1961-02-04T01:22:24.130,1961-02-18T21:16:26.108,1961-03-05T19:34:37.484,1961-03-20T20:32:03.851,1961-04-05T00:42:04.104,1961-04-20T07:55:03.692,1961-05-05T18:21:15.765,1961-05-21T07:22:13.726,1961-06-05T22:45:59.949,1961-06-21T15:30:04.339,1961-07-07T09:06:35.503,1961-07-23T02:23:33.989,1961-08-07T18:48:19.736,1961-08-23T09:18:30.497,1961-09-07T21:29:11.668,1961-09-23T06:42:24.493,1961-10-08T12:50:54.972,1961-10-23T15:47:20.202,1961-11-07T15:46:10.472,1961-11-22T13:07:39.439,1961-12-07T08:25:52.926,1961-12-22T02:19:26.094
1962-01-05T19:34:55.354,1962-01-20T12:57:52.940,1962-02-04T07:17:19.936,1962-02-19T03:14:32.958,1962-03-06T01:29:29.263,1962-03-21T02:29:30.178,1962-04-05T06:34:13.478,1962-04-20T13:50:38.391,1962-05-06T00:09:26.806,1962-05-21T13:16:30.903,1962-06-06T04:31:15.294,1962-06-21T21:24:05.241,1962-07-07T14:51:05.243,1962-07-23T08:17:55.906,1962-08-08T00:33:40.662,1962-08-23T15:12:26.592,1962-09-08T03:15:20.801,1962-09-23T12:35:10.869,1962-10-08T18:37:53.313,1962-10-23T21:39:58.226,1962-11-07T21:34:53.735,1962-11-22T19:01:49.900,1962-12-07T14:16:38.293,1962-12-22T08:15:14.158
1963-01-06T01:26:26.279,1963-01-20T18:53:50.816,1963-02-04T13:07:43.823,1963-02-19T09:08:34.117,1963-03-06T07:17:08.982,1963-03-21T08:19:39.221,1963-04-05T12:18:39.214,1963-04-20T19:36:07.083,1963-05-06T05:51:57.077,1963-05-21T18:58:06.401,1963-06-06T10:14:23.627,1963-06-22T03:04:04.124,1963-07-07T20:37:36.176,1963-07-23T13:59:11.687,1963-08-08T06:25:23.967,1963-08-23T20:57:31.127,1963-09-08T09:11:50.147,1963-09-23T18:23:28.471,1963-10-09T00:36:12.905,1963-10-24T03:28:48.300,1963-11-08T03:32:18.086,1963-11-23T00:49:20.322,1963-12-07T20:12:35.729,1963-12-22T14:01:51.517
1964-01-06T07:22:19.580,1964-01-21T00:41:02.222,1964-02-04T19:04:55.080,1964-02-19T14:57:16.996,1964-03-05T13:15:59.945,1964-03-20T14:09:50.112,1964-04-04T18:18:20.287,1964-04-20T01:27:06.986,1964-05-05T11:51:01.138,1964-05-21T00:49:45.175,1964-06-05T16:11:42.722,1964-06-21T08:56:46.377,1964-07-07T02:32:07.044,1964-07-22T19:53:04.855,1964-08-07T12:16:10.007,1964-08-23T02:51:01.262,1964-09-07T14:59:26.842,1964-09-23T00:16:37.918,1964-10-08T06:21:31.027,1964-10-23T09:20:39.357,1964-11-07T09:15:07.193,1964-11-22T06:38:52.375,1964-12-07T01:53:03.388,1964-12-21T19:49:30.501
1965-01-05T13:01:57.370,1965-01-20T06:28:50.843,1965-02-04T00:46:06.019,1965-02-18T20:47:47.999,1965-03-05T19:00:37.091,1965-03-20T20:04:43.452,1965-04-05T00:06:41.108,1965-04-20T07:26:02.036,1965-05-05T17:41:30.173,1965-05-21T06:50:11.971,1965-06-05T22:02:05.008,1965-06-21T14:55:39.422,1965-07-07T08:21:21.062,1965-07-23T01:48:09.095,1965-08-07T18:04:34.151,1965-08-23T08:42:38.495,1965-09-07T20:47:50.444,1965-09-23T06:05:58.648,1965-10-08T12:11:07.266,1965-10-23T15:09:55.964,1965-11-07T15:06:32.139,1965-11-22T12:29:08.932,1965-12-07T07:45:32.565,1965-12-22T01:40:24.059
1966-01-05T18:54:20.997,1966-01-20T12:19:39.290,1966-02-04T06:37:49.065,1966-02-19T02:37:47.501,1966-03-06T00:51:20.868,1966-03-21T01:52:53.255,1966-04-05T05:56:27.546,1966-04-20T13:11:28.938,1966-05-05T23:30:25.451,1966-05-21T12:32:00.699,1966-06-06T03:49:36.024,1966-06-21T20:33:20.545,1966-07-07T14:06:59.011,1966-07-23T07:23:10.167,1966-08-07T23:48:56.734,1966-08-23T14:17:40.822,1966-09-08T02:32:01.787,1966-09-23T11:43:05.160,1966-10-08T17:56:45.754,1966-10-23T20:50:44.700,1966-11-07T20:55:15.776,1966-11-22T18:14:04.589,1966-12-07T13:37:45.170,1966-12-22T07:28:08.232
1967-01-06T00:48:19.266,1967-01-20T18:07:30.321,1967-02-04T12:30:48.693,1967-02-19T08:23:39.474,1967-03-06T06:41:52.441,1967-03-21T07:36:46.851,1967-04-05T11:44:39.781,1967-04-20T18:55:05.611,1967-05-06T05:17:24.082,1967-05-21T18:17:50.529,1967-06-06T09:36:17.790,1967-06-22T02:22:48.671,1967-07-07T19:53:18.918,1967-07-23T13:15:49.208,1967-08-08T05:34:50.793,1967-08-23T20:12:23.630,1967-09-08T08:17:41.551,1967-09-23T17:38:00.766,1967-10-08T23:41:08.352,1967-10-24T02:43:43.361,1967-11-08T02:37:24.042,1967-11-23T00:04:27.367,1967-12-07T19:17:27.500,1967-12-22T13:16:17.039
1968-01-06T06:26:10.275,1968-01-20T23:54:05.309,1968-02-04T18:07:23.409,1968-02-19T14:09:11.950,1968-03-05T12:17:44.961,1968-03-20T13:21:59.288,1968-04-04T17:20:53.328,1968-04-20T00:41:06.133,1968-05-05T10:55:46.990,1968-05-21T00:05:49.848,1968-06-05T15:19:04.243,1968-06-21T08:13:15.056,1968-07-07T01:41:37.097,1968-07-22T19:07:22.809,1968-08-07T11:27:10.969,1968-08-23T02:02:50.655,1968-09-07T14:11:24.043,1968-09-22T23:26:09.292,1968-10-08T05:34:22.668,1968-10-23T08:29:33.329,1968-11-07T08:29:16.085,1968-11-22T05:48:29.513,1968-12-07T01:08:24.265,1968-12-21T18:59:44.942
1969-01-05T12:16:48.275,1969-01-20T05:38:10.452,1969-02-03T23:58:52.049,1969-02-18T19:54:28.834,1969-03-05T18:10:33.203,1969-03-20T19:08:04.288,1969-04-04T23:14:49.774,1969-04-20T06:26:51.088,1969-05-05T16:49:45.600,1969-05-21T05:49:42.794,1969-06-05T21:11:28.507,1969-06-21T13:55:01.324,1969-07-07T07:31:30.202,1969-07-23T00:48:08.389,1969-08-07T17:14:05.616,1969-08-23T07:43:20.736,1969-09-07T19:55:23.986,1969-09-23T05:06:52.159,1969-10-08T11:16:38.797,1969-10-23T14:11:01.095,1969-11-07T14:11:19.167,1969-11-22T11:31:03.376,1969-12-07T06:51:17.281,1969-12-22T00:43:39.905
1970-01-05T18:01:37.834,1970-01-20T11:23:48.658,1970-02-04T05:45:44.269,1970-02-19T01:41:46.316,1970-03-05T23:58:27.871,1970-03-21T00:56:17.717,1970-04-05T05:01:44.077,1970-04-20T12:14:53.856,1970-05-05T22:33:46.450,1970-05-21T11:37:17.947,1970-06-06T02:52:13.539,1970-06-21T19:42:37.170,1970-07-07T13:10:31.435,1970-07-23T06:36:51.244,1970-08-07T22:54:05.426,1970-08-23T13:33:51.203,1970-09-08T01:37:53.174,1970-09-23T10:58:56.330,1970-10-08T17:01:32.071,1970-10-23T20:04:11.580,1970-11-07T19:57:42.195,1970-11-22T17:24:31.500,1970-12-07T12:37:18.004,1970-12-22T06:35:38.637
1971-01-05T23:45:04.029,1971-01-20T17:12:38.206,1971-02-04T11:25:22.115,1971-02-19T07:26:57.279,1971-03-06T05:34:42.833,1971-03-21T06:38:07.166,1971-04-05T10:35:58.389,1971-04-20T17:54:11.985,1971-05-06T04:08:06.484,1971-05-21T17:14:58.894,1971-06-06T08:28:50.590,1971-06-22T01:19:34.120,1971-07-07T18:51:07.387,1971-07-23T12:14:43.571,1971-08-08T04:40:11.751,1971-08-23T19:15:14.837,1971-09-08T07:30:10.710,1971-09-23T16:44:51.974,1971-10-08T22:58:31.333,1971-10-24T01:53:07.808,1971-11-08T01:56:34.956,1971-11-22T23:13:56.984,1971-12-07T18:35:42.003,1971-12-22T12:23:53.252
1972-01-06T05:41:49.482,1972-01-20T22:58:58.375,1972-02-04T17:20:11.523,1972-02-19T13:11:21.813,1972-03-05T11:28:03.314,1972-03-20T12:21:18.753,1972-04-04T16:28:51.082,1972-04-19T23:37:26.983,1972-05-05T10:01:09.518,1972-05-20T22:59:28.217,1972-06-05T14:21:58.287,1972-06-21T07:06:09.501,1972-07-07T00:42:53.082,1972-07-22T18:02:29.645,1972-08-07T10:28:29.023,1972-08-23T01:02:59.499,1972-09-07T13:15:05.250,1972-09-22T22:32:43.327,1972-10-08T04:41:44.546,1972-10-23T07:41:26.658,1972-11-07T07:39:23.223,1972-11-22T05:02:40.789,1972-12-07T00:18:42.982,1972-12-21T18:12:52.746
1973-01-05T11:25:17.594,1973-01-20T04:48:10.579,1973-02-03T23:04:10.220,1973-02-18T19:01:06.912,1973-03-05T17:12:33.494,1973-03-20T18:12:24.471,1973-04-04T22:13:50.230,1973-04-20T05:30:18.713,1973-05-05T15:46:23.224,1973-05-21T04:53:49.171,1973-06-05T20:06:49.447,1973-06-21T13:00:33.663,1973-07-07T06:27:20.570,1973-07-22T23:55:31.771,1973-08-07T16:12:47.132,1973-08-23T06:53:27.199,1973-09-07T18:59:22.788,1973-09-23T04:21:06.321,1973-10-08T10:27:14.042,1973-10-23T13:30:09.410,1973-11-07T13:27:37.903,1973-11-22T10:54:00.772,1973-12-07T06:10:24.084,1973-12-22T00:07:41.575
1974-01-05T17:19:54.829,1974-01-20T10:45:38.765,1974-02-04T05:00:04.422,1974-02-19T00:58:39.254,1974-03-05T23:07:04.758,1974-03-21T00:06:35.614,1974-04-05T04:04:58.371,1974-04-20T11:18:48.857,1974-05-05T21:33:50.830,1974-05-21T10:36:01.170,1974-06-06T01:51:25.908,1974-06-21T18:37:36.265,1974-07-07T12:11:05.545,1974-07-23T05:30:10.728,1974-08-07T21:57:09.885,1974-08-23T12:28:39.573,1974-09-08T00:45:03.666,1974-09-23T09:58:24.432,1974-10-08T16:14:38.092,1974-10-23T19:10:35.138,1974-11-07T19:17:57.599,1974-11-22T16:38:25.964,1974-12-07T12:04:36.773,1974-12-22T05:55:56.162
1975-01-05T23:17:29.242,1975-01-20T16:36:13.668,1975-02-04T10:59:10.153,1975-02-19T06:49:41.432,1975-03-06T05:05:45.457,1975-03-21T05:56:38.516,1975-04-05T10:01:28.213,1975-04-20T17:07:11.579,1975-05-06T03:27:09.880,1975-05-21T16:23:38.602,1975-06-06T07:41:59.613,1975-06-22T00:26:24.139,1975-07-07T17:59:21.373,1975-07-23T11:21:45.412,1975-08-08T03:44:53.014,1975-08-23T18:23:36.097,1975-09-08T06:33:16.830,1975-09-23T15:55:10.811,1975-10-08T22:02:02.852,1975-10-24T01:06:00.295,1975-11-08T01:02:36.291,1975-11-22T22:30:42.157,1975-12-07T17:46:09.563,1975-12-22T11:45:33.101
1976-01-06T04:57:21.560,1976-01-20T22:25:05.021,1976-02-04T16:39:26.898,1976-02-19T12:39:53.508,1976-03-05T10:48:05.774,1976-03-20T11:49:33.860,1976-04-04T15:46:26.650,1976-04-19T23:02:54.766,1976-05-05T09:14:24.232,1976-05-20T22:21:04.096,1976-06-05T13:31:12.668,1976-06-21T06:24:10.337,1976-07-06T23:50:49.573,1976-07-22T17:18:25.053,1976-08-07T09:38:19.865,1976-08-23T00:18:18.816,1976-09-07T12:28:12.434,1976-09-22T21:48:10.583,1976-10-08T03:58:02.410,1976-10-23T06:58:00.819,1976-11-07T06:58:34.429,1976-11-22T04:21:29.521,1976-12-06T23:40:56.653,1976-12-21T17:35:07.518
1977-01-05T10:51:02.017,1977-01-20T04:14:24.932,1977-02-03T22:33:23.657,1977-02-18T18:30:25.383,1977-03-05T16:44:07.681,1977-03-20T17:42:14.937,1977-04-04T21:45:43.363,1977-04-20T04:57:12.404,1977-05-05T15:15:58.866,1977-05-21T04:14:20.270,1977-06-05T19:32:01.434,1977-06-21T12:13:44.296,1977-07-07T05:47:52.042,1977-07-22T23:03:37.066,1977-08-07T15:30:13.064,1977-08-23T06:00:13.236,1977-09-07T18:15:40.264,1977-09-23T03:29:10.216,1977-10-08T09:43:56.960,1977-10-23T12:40:39.795,1977-11-07T12:45:49.356,1977-11-22T10:06:59.955,1977-12-07T05:30:49.670,1977-12-21T23:23:08.347
1978-01-05T16:43:12.395,1978-01-20T10:03:58.380,1978-02-04T04:26:57.322,1978-02-19T00:20:55.282,1978-03-05T22:38:10.912,1978-03-20T23:33:32.021,1978-04-05T03:39:19.574,1978-04-20T10:49:30.838,1978-05-05T21:08:32.196,1978-05-21T10:08:25.121,1978-06-06T01:23:05.483,1978-06-21T18:09:32.517,1978-07-07T11:36:56.212,1978-07-23T05:00:14.089,1978-08-07T21:17:39.011,1978-08-23T11:56:45.990,1978-09-08T00:02:22.670,1978-09-23T09:25:23.207,1978-10-08T15:30:53.471,1978-10-23T18:37:05.289,1978-11-07T18:34:03.129,1978-11-22T16:04:36.902,1978-12-07T11:20:02.535,1978-12-22T05:20:57.602
1979-01-05T22:31:32.091,1979-01-20T15:59:54.372,1979-02-04T10:12:16.943,1979-02-19T06:13:11.791,1979-03-06T04:19:36.592,1979-03-21T05:21:54.615,1979-04-05T09:17:56.005,1979-04-20T16:35:21.271,1979-05-06T02:47:09.658,1979-05-21T15:53:50.004,1979-06-06T07:05:10.737,1979-06-21T23:56:09.551,1979-07-07T17:24:36.288,1979-07-23T10:48:31.515,1979-08-08T03:10:52.952,1979-08-23T17:46:42.909,1979-09-08T05:59:45.139,1979-09-23T15:16:22.720,1979-10-08T21:30:02.158,1979-10-24T00:27:49.120,1979-11-08T00:32:46.189,1979-11-22T21:54:01.024,1979-12-07T17:17:49.141,1979-12-22T11:09:45.689
1980-01-06T04:28:52.709,1980-01-20T21:48:36.395,1980-02-04T16:09:27.584,1980-02-19T12:01:38.434,1980-03-05T10:16:29.375,1980-03-20T11:09:40.144,1980-04-04T15:14:41.406,1980-04-19T22:22:40.785,1980-05-05T08:44:28.322,1980-05-20T21:42:01.995,1980-06-05T13:03:43.937,1980-06-21T05:46:59.987,1980-07-06T23:23:55.908,1980-07-22T16:41:58.425,1980-08-07T09:08:30.640,1980-08-22T23:40:37.691,1980-09-07T11:53:26.842,1980-09-22T21:08:40.235,1980-10-08T03:19:14.926,1980-10-23T06:17:30.552,1980-11-07T06:18:14.444,1980-11-22T03:41:23.442,1980-12-06T23:01:14.648,1980-12-21T16:56:13.717
1981-01-05T10:12:38.780,1981-01-20T03:35:58.747,1981-02-03T21:55:23.940,1981-02-18T17:51:38.612,1981-03-05T16:05:07.639,1981-03-20T17:02:50.546,1981-04-04T21:05:02.331,1981-04-20T04:18:32.199,1981-05-05T14:34:47.481,1981-05-21T03:39:24.952,1981-06-05T18:52:38.836,1981-06-21T11:44:40.645,1981-07-07T05:11:51.099,1981-07-22T22:39:41.851,1981-08-07T14:57:08.955,1981-08-23T05:38:08.710,1981-09-07T17:43:12.268,1981-09-23T03:05:11.155,1981-10-08T09:09:32.098,1981-10-23T12:12:50.012,1981-11-07T12:08:29.504,1981-11-22T09:35:57.144,1981-12-07T04:51:14.449,1981-12-21T22:50:31.353
1982-01-05T16:02:33.113,1982-01-20T09:30:56.270,1982-02-04T03:45:29.172,1982-02-18T23:46:31.165,1982-03-05T21:54:35.382,1982-03-20T22:55:50.042,1982-04-05T02:52:40.962,1982-04-20T10:07:27.022,1982-05-05T20:19:59.834,1982-05-21T09:22:53.692,1982-06-06T00:35:53.694,1982-06-21T17:22:59.392,1982-07-07T10:54:33.324,1982-07-23T04:15:22.451,1982-08-07T20:41:43.833,1982-08-23T11:15:12.461,1982-09-07T23:31:41.256,1982-09-23T08:46:10.403,1982-10-08T15:02:07.699,1982-10-23T17:57:45.586,1982-11-07T18:04:04.677,1982-11-22T15:23:17.204,1982-12-07T10:48:03.653,1982-12-22T04:38:07.937
1983-01-05T21:58:41.213,1983-01-20T15:16:54.735,1983-02-04T09:39:40.405,1983-02-19T05:30:36.178,1983-03-06T03:47:12.631,1983-03-21T04:38:44.448,1983-04-05T08:44:21.753,1983-04-20T15:50:09.075,1983-05-06T02:10:49.890,1983-05-21T15:06:25.415,1983-06-06T06:25:41.176,1983-06-21T23:08:40.104,1983-07-07T16:43:12.281,1983-07-23T10:04:05.462,1983-08-08T02:29:36.149,1983-08-23T17:07:27.840,1983-09-08T05:20:01.821,1983-09-23T14:41:35.309,1983-10-08T20:51:03.153,1983-10-23T23:54:15.336,1983-11-07T23:52:11.051,1983-11-22T21:18:19.285,1983-12-07T16:33:39.313,1983-12-22T10:29:54.268
1984-01-06T03:40:50.697,1984-01-20T21:05:01.206,1984-02-04T15:18:43.863,1984-02-19T11:16:11.625,1984-03-05T09:24:37.335,1984-03-20T10:24:20.685,1984-04-04T14:22:19.893,1984-04-19T21:38:04.878,1984-05-05T07:50:57.096,1984-05-20T20:57:34.841,1984-06-05T12:08:36.430,1984-06-21T05:02:13.340,1984-07-06T22:29:06.363,1984-07-22T15:58:12.522,1984-08-07T08:17:52.835,1984-08-22T23:00:11.471,1984-09-07T11:09:48.929,1984-09-22T20:32:53.057,1984-10-08T02:42:33.612,1984-10-23T05:45:38.690,1984-11-07T05:45:31.176,1984-11-22T03:10:37.628,1984-12-06T22:28:02.743,1984-12-21T16:22:48.392
1985-01-05T09:35:04.211,1985-01-20T02:57:33.054,1985-02-03T21:11:47.534,1985-02-18T17:07:22.319,1985-03-05T15:16:21.447,1985-03-20T16:13:43.122,1985-04-04T20:13:32.858,1985-04-20T03:25:47.969,1985-05-05T13:42:32.584,1985-05-21T02:42:55.179,1985-06-05T17:59:55.966,1985-06-21T10:44:07.863,1985-07-07T04:18:35.067,1985-07-22T21:36:25.946,1985-08-07T14:04:15.609,1985-08-23T04:35:40.089,1985-09-07T16:53:00.987,1985-09-23T02:07:25.966,1985-10-08T08:24:32.889,1985-10-23T11:21:51.058,1985-11-07T11:29:28.179,1985-11-22T08:50:44.948,1985-12-07T04:16:19.395,1985-12-21T22:07:38.833
1986-01-05T15:28:01.172,1986-01-20T08:46:10.259,1986-02-04T03:07:40.898,1986-02-18T22:57:29.991,1986-03-05T21:12:07.347,1986-03-20T22:02:40.721,1986-04-05T02:06:05.975,1986-04-20T09:12:06.865,1986-05-05T19:30:34.210,1986-05-21T08:27:56.197,1986-06-05T23:44:23.173,1986-06-21T16:29:57.616,1986-07-07T10:00:45.476,1986-07-23T03:24:23.163,1986-08-07T19:45:36.733,1986-08-23T10:25:47.452,1986-09-07T22:34:36.826,1986-09-23T07:58:51.855,1986-10-08T14:06:44.732,1986-10-23T17:14:11.165,1986-11-07T17:12:49.138,1986-11-22T14:44:20.453,1986-12-07T10:00:55.847,1986-12-22T04:02:07.267
1987-01-05T21:13:00.082,1987-01-20T14:40:22.554,1987-02-04T08:51:39.347,1987-02-19T04:49:55.673,1987-03-06T02:53:36.328,1987-03-21T03:51:57.381,1987-04-05T07:44:06.873,1987-04-20T14:57:31.573,1987-05-06T01:05:34.458,1987-05-21T14:10:00.482,1987-06-06T05:18:57.325,1987-06-21T22:10:48.929,1987-07-07T15:38:40.741,1987-07-23T09:06:03.280,1987-08-08T01:29:14.467,1987-08-23T16:09:50.875,1987-09-08T04:24:07.662,1987-09-23T13:45:16.535,1987-10-08T19:59:40.293,1987-10-23T23:00:51.874,1987-11-07T23:05:40.259,1987-11-22T20:29:23.329,1987-12-07T15:52:13.180,1987-12-22T09:45:52.941
1988-01-06T03:03:29.751,1988-01-20T20:24:16.599,1988-02-04T14:42:48.807,1988-02-19T10:35:06.754,1988-03-05T08:46:31.783,1988-03-20T09:38:35.348,1988-04-04T13:39:03.263,1988-04-19T20:44:45.955,1988-05-05T07:01:42.667,1988-05-20T19:56:39.568,1988-06-05T11:14:52.093,1988-06-21T03:56:30.672,1988-07-06T21:32:53.333,1988-07-22T14:51:03.496,1988-08-07T07:20:16.846,1988-08-22T21:54:02.441,1988-09-07T10:11:30.859,1988-09-22T19:28:50.272,1988-10-08T01:44:29.051,1988-10-23T04:44:05.353,1988-11-07T04:48:54.315,1988-11-22T02:11:58.456,1988-12-06T21:34:28.360,1988-12-21T15:27:52.770
1989-01-05T08:45:56.145,1989-01-20T02:06:58.634,1989-02-03T20:27:09.886,1989-02-18T16:20:29.964,1989-03-05T14:34:08.661,1989-03-20T15:28:14.853,1989-04-04T19:29:54.388,1989-04-20T02:38:55.006,1989-05-05T12:53:55.479,1989-05-21T01:53:31.531,1989-06-05T17:05:13.561,1989-06-21T09:53:00.516,1989-07-07T03:19:25.816,1989-07-22T20:45:28.585,1989-08-07T13:03:53.108,1989-08-23T03:46:11.936,1989-09-07T15:53:50.721,1989-09-23T01:19:37.154,1989-10-08T07:27:20.611,1989-10-23T10:35:08.546,1989-11-07T10:33:32.523,1989-11-22T08:04:37.318,1989-12-07T03:20:57.706,1989-12-21T21:22:01.030
1990-01-05T14:33:13.819,1990-01-20T08:01:32.863,1990-02-04T02:13:59.998,1990-02-18T22:14:01.131,1990-03-05T20:19:16.605,1990-03-20T21:19:15.177,1990-04-05T01:12:54.524,1990-04-20T08:26:31.740,1990-05-05T18:35:25.774,1990-05-21T07:37:23.617,1990-06-05T22:46:17.779,1990-06-21T15:32:47.047,1990-07-07T09:00:28.335,1990-07-23T02:21:30.523,1990-08-07T18:45:31.115,1990-08-23T09:20:49.206,1990-09-07T21:37:27.146,1990-09-23T06:55:29.216,1990-10-08T13:13:46.666,1990-10-23T16:14:02.142,1990-11-07T16:23:29.352,1990-11-22T13:46:55.538,1990-12-07T09:14:09.879,1990-12-22T03:06:59.442
1991-01-05T20:28:06.399,1991-01-20T13:47:04.637,1991-02-04T08:08:23.617,1991-02-19T03:58:18.701,1991-03-06T02:12:14.233,1991-03-21T03:01:55.045,1991-04-05T07:04:41.342,1991-04-20T14:08:21.530,1991-05-06T00:26:52.345,1991-05-21T13:20:14.182,1991-06-06T04:38:17.331,1991-06-21T21:18:46.008,1991-07-07T14:53:00.086,1991-07-23T08:11:06.961,1991-08-08T00:37:15.154,1991-08-23T15:12:49.445,1991-09-08T03:27:20.907,1991-09-23T12:48:04.424,1991-10-08T19:01:06.759,1991-10-23T22:05:09.307,1991-11-07T22:07:50.598,1991-11-22T19:35:43.066,1991-12-07T14:56:03.016,1991-12-22T08:53:38.763
1992-01-06T02:08:31.042,1992-01-20T19:32:29.191,1992-02-04T13:48:16.279,1992-02-19T09:43:29.133,1992-03-05T07:52:07.063,1992-03-20T08:48:02.676,1992-04-04T12:45:07.777,1992-04-19T19:56:53.074,1992-05-05T06:08:39.918,1992-05-20T19:12:08.139,1992-06-05T10:22:19.900,1992-06-21T03:14:08.939,1992-07-06T20:40:14.791,1992-07-22T14:08:49.277,1992-08-07T06:27:22.223,1992-08-22T21:10:06.094,1992-09-07T09:18:18.129,1992-09-22T18:42:45.495,1992-10-08T00:51:26.486,1992-10-23T03:57:06.590,1992-11-07T03:57:00.926,1992-11-22T01:25:50.914,1992-12-06T20:44:11.054,1992-12-21T14:43:12.421
1993-01-05T07:56:21.498,1993-01-20T01:22:49.327,1993-02-03T19:37:09.426,1993-02-18T15:35:09.613,1993-03-05T13:42:31.604,1993-03-20T14:40:37.752,1993-04-04T18:37:09.686,1993-04-20T01:48:59.928,1993-05-05T12:01:42.212,1993-05-21T01:01:43.163,1993-06-05T16:15:13.409,1993-06-21T08:59:44.069,1993-07-07T02:32:01.642,1993-07-22T19:50:49.238,1993-08-07T12:17:57.573,1993-08-23T02:50:16.665,1993-09-07T15:07:46.960,1993-09-23T00:22:27.700,1993-10-08T06:40:01.425,1993-10-23T09:37:07.124,1993-11-07T09:45:32.557,1993-11-22T07:06:49.686,1993-12-07T02:33:48.315,1993-12-21T20:25:47.317
1994-01-05T13:48:05.890,1994-01-20T07:07:23.089,1994-02-04T01:30:52.617,1994-02-18T21:21:39.178,1994-03-05T19:37:40.485,1994-03-20T20:28:00.343,1994-04-05T00:31:46.831,1994-04-20T07:35:59.882,1994-05-05T17:54:04.792,1994-05-21T06:48:27.907,1994-06-05T22:04:51.927,1994-06-21T14:47:32.110,1994-07-07T08:19:20.601,1994-07-23T01:40:58.861,1994-08-07T18:04:20.256,1994-08-23T08:43:44.043,1994-09-07T20:55:05.654,1994-09-23T06:19:11.884,1994-10-08T12:29:02.846,1994-10-23T15:36:00.297,1994-11-07T15:35:35.529,1994-11-22T13:05:57.781,1994-12-07T08:22:53.075,1994-12-22T02:22:42.033
1995-01-05T19:34:04.139,1995-01-20T13:00:25.413,1995-02-04T07:12:49.928,1995-02-19T03:10:41.555,1995-03-06T01:16:01.137,1995-03-21T02:14:26.073,1995-04-05T06:08:06.374,1995-04-20T13:21:28.207,1995-05-05T23:30:03.361,1995-05-21T12:34:11.999,1995-06-06T03:42:28.606,1995-06-21T20:34:22.350,1995-07-07T14:00:59.336,1995-07-23T07:29:39.516,1995-08-07T23:51:43.961,1995-08-23T14:34:49.398,1995-09-08T02:48:34.170,1995-09-23T12:12:59.131,1995-10-08T18:27:12.360,1995-10-23T21:31:30.580,1995-11-07T21:35:36.163,1995-11-22T19:01:23.183,1995-12-07T14:22:15.821,1995-12-22T08:16:47.760
1996-01-06T01:31:25.658,1996-01-20T18:52:28.875,1996-02-04T13:07:51.492,1996-02-19T09:00:41.987,1996-03-05T07:09:36.300,1996-03-20T08:03:03.258,1996-04-04T12:01:57.103,1996-04-19T19:09:53.700,1996-05-05T05:26:00.098,1996-05-20T18:23:05.730,1996-06-05T09:40:46.795,1996-06-21T02:23:43.549,1996-07-06T19:59:59.116,1996-07-22T13:18:41.232,1996-08-07T05:48:47.256,1996-08-22T20:22:48.422,1996-09-07T08:42:23.747,1996-09-22T18:00:05.805,1996-10-08T00:18:41.148,1996-10-23T03:18:41.777,1996-11-07T03:26:33.051,1996-11-22T00:49:24.954,1996-12-06T20:14:00.554,1996-12-21T14:05:52.862
1997-01-05T07:24:27.804,1997-01-20T00:42:30.152,1997-02-03T19:01:56.845,1997-02-18T14:51:28.004,1997-03-05T13:04:07.694,1997-03-20T13:54:39.175,1997-04-04T17:56:16.042,1997-04-20T01:02:47.969,1997-05-05T11:19:24.835,1997-05-21T00:17:53.670,1997-06-05T15:32:32.303,1997-06-21T08:19:56.122,1997-07-07T01:49:22.636,1997-07-22T19:15:25.418,1997-08-07T11:36:17.614,1997-08-23T02:19:10.198,1997-09-07T14:28:48.256,1997-09-22T23:55:45.722,1997-10-08T06:05:09.447,1997-10-23T09:14:44.972,1997-11-07T09:14:38.134,1997-11-22T06:47:32.991,1997-12-07T02:04:52.061,1997-12-21T20:07:01.653
1998-01-05T13:18:07.928,1998-01-20T06:46:03.446,1998-02-04T00:56:51.085,1998-02-18T20:54:52.106,1998-03-05T18:57:13.668,1998-03-20T19:54:31.460,1998-04-04T23:44:56.294,1998-04-20T06:56:43.426,1998-05-05T17:03:09.599,1998-05-21T06:05:25.258,1998-06-05T21:13:20.216,1998-06-21T14:02:35.621,1998-07-07T07:30:25.202,1998-07-23T00:55:22.503,1998-08-07T17:19:49.452,1998-08-23T07:58:56.772,1998-09-07T20:15:54.348,1998-09-23T05:37:11.623,1998-10-08T11:55:44.364,1998-10-23T14:58:35.411,1998-11-07T15:08:22.886,1998-11-22T12:34:13.115,1998-12-07T08:01:35.412,1998-12-22T01:56:27.686
1999-01-05T19:17:07.932,1999-01-20T12:37:19.693,1999-02-04T06:57:02.088,1999-02-19T02:46:48.944,1999-03-06T00:57:41.242,1999-03-21T01:45:48.468,1999-04-05T05:44:36.334,1999-04-20T12:45:58.594,1999-05-05T23:00:59.133,1999-05-21T11:52:24.290,1999-06-06T03:09:06.420,1999-06-21T19:49:05.538,1999-07-07T13:24:56.229,1999-07-23T06:44:07.527,1999-08-07T23:14:06.812,1999-08-23T13:51:03.855,1999-09-08T02:09:59.264,1999-09-23T11:31:29.977,1999-10-08T17:48:21.853,1999-10-23T20:52:13.270,1999-11-07T20:57:52.303,1999-11-22T18:24:50.200,1999-12-07T13:47:27.765,1999-12-22T07:43:48.043
2000-01-06T01:00:41.014,2000-01-20T18:23:01.906,2000-02-04T12:40:22.762,2000-02-19T08:33:17.270,2000-03-05T06:42:38.619,2000-03-20T07:35:14.287,2000-04-04T11:31:57.431,2000-04-19T18:39:30.037,2000-05-05T04:50:09.105,2000-05-20T17:49:24.534,2000-06-05T08:58:33.266,2000-06-21T01:47:41.819,2000-07-06T19:13:55.940,2000-07-22T12:42:40.391,2000-08-07T05:02:57.880,2000-08-22T19:48:32.862,2000-09-07T07:59:10.024,2000-09-22T17:27:35.682,2000-10-07T23:38:12.117,2000-10-23T02:47:28.848,2000-11-07T02:48:03.480,2000-11-22T00:19:20.897,2000-12-06T19:37:01.872,2000-12-21T13:37:25.750
2001-01-05T06:49:15.476,2001-01-20T00:16:17.471,2001-02-03T18:28:49.854,2001-02-18T14:27:15.482,2001-03-05T12:32:29.610,2001-03-20T13:30:42.403,2001-04-04T17:24:22.285,2001-04-20T00:35:52.257,2001-05-05T10:44:49.627,2001-05-20T23:44:11.729,2001-06-05T14:53:35.498,2001-06-21T07:37:43.072,2001-07-07T01:06:41.680,2001-07-22T18:26:13.881,2001-08-07T10:52:20.396,2001-08-23T01:27:08.435,2001-09-07T13:46:09.609,2001-09-22T23:04:30.289,2001-10-08T05:25:02.430,2001-10-23T08:25:35.917,2001-11-07T08:36:52.824,2001-11-22T06:00:27.480,2001-12-07T01:28:52.585,2001-12-21T19:21:29.543
2002-01-05T12:43:30.426,2002-01-20T06:02:01.829,2002-02-04T00:24:05.419,2002-02-18T20:13:19.017,2002-03-05T18:27:32.526,2002-03-20T19:16:08.396,2002-04-04T23:18:16.083,2002-04-20T06:20:28.428,2002-05-05T16:37:16.822,2002-05-21T05:29:05.692,2002-06-05T20:44:46.303,2002-06-21T13:24:24.221,2002-07-07T06:56:11.639,2002-07-23T00:14:51.539,2002-08-07T16:39:18.935,2002-08-23T07:16:58.676,2002-09-07T19:31:02.197,2002-09-23T04:55:23.084,2002-10-08T11:09:17.022,2002-10-23T14:17:51.335,2002-11-07T14:21:49.479,2002-11-22T11:53:44.668,2002-12-07T07:14:13.888,2002-12-22T01:14:22.478
2003-01-05T18:27:43.748,2003-01-20T11:52:34.879,2003-02-04T06:05:20.336,2003-02-19T02:00:13.150,2003-03-06T00:04:53.360,2003-03-21T00:59:45.966,2003-04-05T04:52:29.634,2003-04-20T12:02:46.495,2003-05-05T22:10:29.519,2003-05-21T11:12:23.871,2003-06-06T02:19:43.479,2003-06-21T19:10:27.600,2003-07-07T12:35:39.450,2003-07-23T06:04:08.692,2003-08-07T22:24:18.339,2003-08-23T13:08:10.315,2003-09-08T01:20:14.423,2003-09-23T10:46:49.230,2003-10-08T17:00:32.646,2003-10-23T20:08:26.224,2003-11-07T20:13:10.164,2003-11-22T17:43:23.834,2003-12-07T13:05:10.164,2003-12-22T07:03:49.137
2004-01-06T00:18:32.697,2004-01-20T17:42:23.195,2004-02-04T11:56:12.522,2004-02-19T07:50:00.049,2004-03-05T05:55:37.831,2004-03-20T06:48:38.199,2004-04-04T10:43:18.579,2004-04-19T17:50:24.549,2004-05-05T04:02:27.241,2004-05-20T16:59:12.041,2004-06-05T08:13:44.975,2004-06-21T00:56:52.203,2004-07-06T18:31:16.117,2004-07-22T11:50:09.831,2004-08-07T04:19:35.967,2004-08-22T18:53:15.592,2004-09-07T07:12:54.406,2004-09-22T16:29:49.965,2004-10-07T22:49:17.604,2004-10-23T01:48:49.070,2004-11-07T01:58:33.412,2004-11-21T23:21:40.754,2004-12-06T18:48:56.173,2004-12-21T12:41:38.214
2005-01-05T06:03:00.365,2005-01-19T23:21:33.822,2005-02-03T17:43:02.829,2005-02-18T13:31:55.786,2005-03-05T11:45:10.898,2005-03-20T12:33:25.224,2005-04-04T16:34:16.644,2005-04-19T23:37:14.419,2005-05-05T09:52:50.324,2005-05-20T22:47:24.155,2005-06-05T14:01:52.628,2005-06-21T06:46:07.563,2005-07-07T00:16:34.537,2005-07-22T17:40:42.046,2005-08-07T10:03:22.456,2005-08-23T00:45:27.642,2005-09-07T12:56:40.533,2005-09-22T22:23:10.241,2005-10-08T04:33:18.713,2005-10-23T07:42:20.080,2005-11-07T07:42:27.357,2005-11-22T05:14:58.779,2005-12-07T00:32:41.824,2005-12-21T18:34:56.203
2006-01-05T11:46:56.146,2006-01-20T05:15:20.527,2006-02-03T23:27:16.594,2006-02-18T19:25:34.735,2006-03-05T17:28:38.687,2006-03-20T18:25:33.838,2006-04-04T22:15:28.597,2006-04-20T05:26:03.452,2006-05-05T15:30:37.818,2006-05-21T04:31:32.717,2006-06-05T19:36:58.078,2006-06-21T12:25:50.892,2006-07-07T05:51:27.082,2006-07-22T23:17:41.559,2006-08-07T15:40:47.599,2006-08-23T06:22:34.849,2006-09-07T18:39:01.104,2006-09-23T04:03:22.113,2006-10-08T10:21:21.531,2006-10-23T13:26:27.415,2006-11-07T13:34:48.934,2006-11-22T11:01:44.387,2006-12-07T06:26:47.401,2006-12-22T00:22:05.139
2007-01-05T17:40:08.997,2007-01-20T11:00:48.971,2007-02-04T05:18:11.560,2007-02-19T01:09:00.239,2007-03-05T23:17:59.852,2007-03-21T00:07:25.253,2007-04-05T04:04:38.724,2007-04-20T11:07:02.772,2007-05-05T21:20:23.276,2007-05-21T10:11:55.223,2007-06-06T01:27:04.081,2007-06-21T18:06:25.152,2007-07-07T11:41:43.358,2007-07-23T05:00:10.375,2007-08-07T21:31:14.462,2007-08-23T12:07:58.380,2007-09-08T00:29:28.509,2007-09-23T09:51:13.255,2007-10-08T16:11:29.467,2007-10-23T19:15:23.418,2007-11-07T19:24:01.097,2007-11-22T16:49:53.565,2007-12-07T12:14:05.083,2007-12-22T06:07:48.387
2008-01-05T23:24:50.137,2008-01-20T16:43:31.771,2008-02-04T11:00:24.209,2008-02-19T06:49:32.871,2008-03-05T04:58:47.691,2008-03-20T05:48:12.399,2008-04-04T09:45:52.185,2008-04-19T16:51:07.937,2008-05-05T03:03:25.809,2008-05-20T16:00:53.628,2008-06-05T07:11:43.431,2008-06-20T23:59:21.673,2008-07-06T17:26:49.996,2008-07-22T10:54:48.133,2008-08-07T03:16:11.046,2008-08-22T18:02:14.564,2008-09-07T06:14:08.805,2008-09-22T15:44:29.146,2008-10-07T21:56:37.664,2008-10-23T01:08:38.654,2008-11-07T01:10:33.941,2008-11-21T22:44:20.391,2008-12-06T18:02:18.106,2008-12-21T12:03:45.521
2009-01-05T05:14:07.330,2009-01-19T22:40:19.153,2009-02-03T16:49:47.830,2009-02-18T12:46:06.099,2009-03-05T10:47:31.402,2009-03-20T11:43:37.095,2009-04-04T15:33:45.491,2009-04-19T22:44:22.062,2009-05-05T08:50:51.066,2009-05-20T21:51:10.263,2009-06-05T12:59:03.972,2009-06-21T05:45:31.327,2009-07-06T23:13:29.684,2009-07-22T16:35:42.885,2009-08-07T09:01:08.847,2009-08-22T23:38:33.989,2009-09-07T11:57:35.980,2009-09-22T21:18:35.084,2009-10-08T03:40:02.853,2009-10-23T06:43:28.042,2009-11-07T06:56:14.987,2009-11-22T04:22:33.758,2009-12-06T23:52:13.822,2009-12-21T17:46:47.271
2010-01-05T11:08:47.158,2010-01-20T04:27:41.715,2010-02-03T22:47:50.693,2010-02-18T18:35:37.139,2010-03-05T16:46:19.960,2010-03-20T17:32:11.824,2010-04-04T21:30:27.874,2010-04-20T04:29:47.592,2010-05-05T14:44:00.302,2010-05-21T03:33:53.018,2010-06-05T18:49:14.230,2010-06-21T11:28:25.393,2010-07-07T05:02:24.602,2010-07-22T22:21:12.893,2010-08-07T14:49:08.961,2010-08-23T05:26:57.162,2010-09-07T17:44:41.105,2010-09-23T03:09:01.818,2010-10-08T09:26:28.805,2010-10-23T12:35:03.114,2010-11-07T12:42:29.835,2010-11-22T10:14:33.818,2010-12-07T05:38:23.340,2010-12-21T23:38:27.408
2011-01-05T16:54:38.264,2011-01-20T10:18:32.191,2011-02-04T04:32:56.600,2011-02-19T00:25:19.372,2011-03-05T22:29:58.274,2011-03-20T23:20:43.323,2011-04-05T03:11:58.359,2011-04-20T10:17:25.268,2011-05-05T20:23:13.020,2011-05-21T09:21:09.916,2011-06-06T00:27:20.478,2011-06-21T17:16:29.675,2011-07-07T10:41:59.641,2011-07-23T04:11:53.426,2011-08-07T20:33:27.029,2011-08-23T11:20:39.562,2011-09-07T23:34:13.703,2011-09-23T09:04:38.488,2011-10-08T15:19:05.645,2011-10-23T18:30:18.833,2011-11-07T18:34:55.810,2011-11-22T16:07:49.678,2011-12-07T11:29:00.277,2011-12-22T05:30:02.924
2012-01-05T22:43:55.721,2012-01-20T16:09:50.847,2012-02-04T10:22:24.001,2012-02-19T06:17:37.087,2012-03-05T04:21:02.926,2012-03-20T05:14:25.740,2012-04-04T09:05:35.817,2012-04-19T16:12:04.803,2012-05-05T02:19:40.723,2012-05-20T15:15:31.931,2012-06-05T06:25:54.242,2012-06-20T23:08:48.760,2012-07-06T16:40:43.056,2012-07-22T10:00:51.448,2012-08-07T02:30:32.035,2012-08-22T17:06:46.975,2012-09-07T05:29:01.513,2012-09-22T14:48:58.648,2012-10-07T21:11:42.731,2012-10-23T00:13:34.010,2012-11-07T00:25:57.620,2012-11-21T21:50:09.092,2012-12-06T17:18:56.323,2012-12-21T11:11:36.622
2013-01-05T04:33:38.335,2013-01-19T21:51:43.379,2013-02-03T16:13:25.417,2013-02-18T12:01:35.658,2013-03-05T10:14:50.739,2013-03-20T11:01:54.759,2013-04-04T15:02:27.146,2013-04-19T22:03:17.182,2013-05-05T08:18:10.016,2013-05-20T21:09:30.169,2013-06-05T12:23:20.116,2013-06-21T05:03:56.906,2013-07-06T22:34:36.442,2013-07-22T15:55:58.611,2013-08-07T08:20:21.158,2013-08-22T23:01:42.094,2013-09-07T11:16:15.173,2013-09-22T20:44:07.391,2013-10-08T02:58:33.676,2013-10-23T06:09:50.300,2013-11-07T06:13:53.520,2013-11-22T03:48:08.088,2013-12-06T23:08:33.079,2013-12-21T17:11:00.380
2014-01-05T10:24:11.858,2014-01-20T03:51:15.349,2014-02-03T22:03:16.663,2014-02-18T17:59:29.683,2014-03-05T16:02:15.777,2014-03-20T16:57:05.592,2014-04-04T20:46:39.776,2014-04-20T03:55:32.477,2014-05-05T13:59:26.223,2014-05-21T02:59:03.588,2014-06-05T18:03:03.252,2014-06-21T10:51:14.234,2014-07-07T04:14:46.818,2014-07-22T21:41:22.175,2014-08-07T14:02:29.037,2014-08-23T04:45:58.983,2014-09-07T17:01:25.907,2014-09-23T02:29:04.753,2014-10-08T08:47:30.048,2014-10-23T11:57:03.215,2014-11-07T12:06:38.080,2014-11-22T09:38:12.559,2014-12-07T05:04:07.232,2014-12-21T23:03:01.948
2015-01-05T16:20:33.904,2015-01-20T09:43:15.825,2015-02-04T03:58:28.401,2015-02-18T23:49:49.199,2015-03-05T21:55:40.621,2015-03-20T22:45:09.452,2015-04-05T02:39:08.067,2015-04-20T09:41:51.843,2015-05-05T19:52:35.855,2015-05-21T08:44:47.553,2015-06-05T23:58:11.177,2015-06-21T16:37:55.711,2015-07-07T10:12:15.271,2015-07-23T03:30:26.825,2015-08-07T20:01:23.260,2015-08-23T10:37:16.469,2015-09-07T22:59:33.655,2015-09-23T08:20:32.588,2015-10-08T14:42:49.157,2015-10-23T17:46:43.635,2015-11-07T17:58:38.098,2015-11-22T15:25:16.838,2015-12-07T10:53:19.498,2015-12-22T04:47:58.065
2016-01-05T22:08:23.184,2016-01-20T15:27:05.906,2016-02-04T09:46:02.384,2016-02-19T05:33:43.663,2016-03-05T03:43:32.791,2016-03-20T04:30:11.215,2016-04-04T08:27:31.861,2016-04-19T15:29:26.385,2016-05-05T01:41:53.511,2016-05-20T14:36:29.307,2016-06-05T05:48:30.951,2016-06-20T22:34:10.909,2016-07-06T16:03:21.974,2016-07-22T09:30:12.596,2016-08-07T01:53:02.107,2016-08-22T16:38:28.869,2016-09-07T04:51:05.895,2016-09-22T14:21:07.541,2016-10-07T20:33:23.085,2016-10-22T23:45:33.538,2016-11-06T23:47:42.229,2016-11-21T21:22:23.362,2016-12-06T16:41:08.119,2016-12-21T10:44:10.281
2017-01-05T03:55:42.776,2017-01-19T21:23:37.864,2017-02-03T15:34:03.985,2017-02-18T11:31:19.906,2017-03-05T09:32:43.634,2017-03-20T10:28:38.044,2017-04-04T14:17:19.802,2017-04-19T21:27:00.745,2017-05-05T07:31:02.227,2017-05-20T20:30:55.634,2017-06-05T11:36:36.267,2017-06-21T04:24:08.969,2017-07-06T21:50:41.325,2017-07-22T15:15:21.387,2017-08-07T07:39:59.828,2017-08-22T22:20:12.957,2017-09-07T10:38:36.542,2017-09-22T20:01:47.885,2017-10-08T02:22:08.064,2017-10-23T05:26:40.999,2017-11-07T05:37:49.107,2017-11-22T03:04:38.920,2017-12-06T22:32:38.996,2017-12-21T16:27:56.572
2018-01-05T09:48:44.021,2018-01-20T03:09:00.836,2018-02-03T21:28:27.716,2018-02-18T17:18:02.188,2018-03-05T15:28:11.254,2018-03-20T16:15:27.559,2018-04-04T20:12:47.504,2018-04-20T03:12:32.870,2018-05-05T13:25:22.183,2018-05-21T02:14:37.485,2018-06-05T17:29:08.799,2018-06-21T10:07:17.797,2018-07-07T03:41:52.299,2018-07-22T21:00:20.676,2018-08-07T13:30:40.359,2018-08-23T04:08:34.086,2018-09-07T16:29:42.405,2018-09-23T01:54:05.757,2018-10-08T08:14:43.506,2018-10-23T11:22:23.693,2018-11-07T11:31:46.078,2018-11-22T09:01:29.976,2018-12-07T04:25:55.344,2018-12-21T22:22:44.030
2019-01-05T15:38:57.768,2019-01-20T08:59:32.377,2019-02-04T03:14:19.125,2019-02-18T23:03:55.922,2019-03-05T21:09:42.765,2019-03-20T21:58:27.175,2019-04-05T01:51:26.997,2019-04-20T08:55:16.506,2019-05-05T19:02:45.865,2019-05-21T07:59:07.320,2019-06-05T23:06:24.175,2019-06-21T15:54:14.920,2019-07-07T09:20:31.382,2019-07-23T02:50:22.536,2019-08-07T19:13:03.424,2019-08-23T10:02:00.459,2019-09-07T22:16:52.154,2019-09-23T07:50:10.608,2019-10-08T14:05:37.833,2019-10-23T17:19:44.394,2019-11-07T17:24:22.271,2019-11-22T14:58:55.981,2019-12-07T10:18:28.102,2019-12-22T04:19:25.955
2020-01-05T21:30:06.330,2020-01-20T14:54:40.021,2020-02-04T09:03:19.712,2020-02-19T04:56:59.889,2020-03-05T02:56:52.815,2020-03-20T03:49:36.380,2020-04-04T07:38:07.834,2020-04-19T14:45:29.932,2020-05-05T00:51:23.529,2020-05-20T13:49:17.222,2020-06-05T04:58:25.820,2020-06-20T21:43:40.815,2020-07-06T15:14:27.392,2020-07-22T08:36:52.539,2020-08-07T01:06:11.521,2020-08-22T15:44:56.071,2020-09-07T04:08:03.119,2020-09-22T13:30:39.240,2020-10-07T19:55:16.014,2020-10-22T22:59:32.591,2020-11-06T23:13:55.480,2020-11-21T20:39:45.573,2020-12-06T16:09:30.361,2020-12-21T10:02:20.356
2021-01-05T03:23:25.608,2021-01-19T20:39:51.497,2021-02-03T14:58:47.530,2021-02-18T10:43:58.068,2021-03-05T08:53:40.667,2021-03-20T09:37:28.208,2021-04-04T13:35:05.762,2021-04-19T20:33:23.208,2021-05-05T06:47:08.003,2021-05-20T19:37:07.811,2021-06-05T10:52:06.272,2021-06-21T03:32:09.920,2021-07-06T21:05:28.758,2021-07-22T14:26:25.774,2021-08-07T06:53:58.528,2021-08-22T21:34:58.883,2021-09-07T09:52:56.390,2021-09-22T19:21:05.600,2021-10-08T01:39:02.362,2021-10-23T04:51:10.342,2021-11-07T04:58:45.916,2021-11-22T02:33:44.027,2021-12-06T21:57:03.984,2021-12-21T15:59:18.461
2022-01-05T09:14:03.750,2022-01-20T02:39:07.049,2022-02-03T20:50:47.596,2022-02-18T16:43:01.034,2022-03-05T14:43:45.384,2022-03-20T15:33:24.731,2022-04-04T19:20:14.358,2022-04-20T02:24:16.418,2022-05-05T12:25:56.933,2022-05-21T01:22:33.967,2022-06-05T16:25:45.726,2022-06-21T09:13:52.104,2022-07-07T02:38:00.488,2022-07-22T20:06:59.733,2022-08-07T12:29:09.537,2022-08-23T03:16:10.287,2022-09-07T15:32:18.409,2022-09-23T01:03:42.198,2022-10-08T07:22:27.467,2022-10-23T10:35:41.917,2022-11-07T10:45:29.186,2022-11-22T08:20:29.573,2022-12-07T03:46:15.852,2022-12-21T21:48:13.093
2023-01-05T15:04:50.680,2023-01-20T08:29:33.883,2023-02-04T02:42:33.095,2023-02-18T22:34:18.706,2023-03-05T20:36:14.104,2023-03-20T21:24:26.370,2023-04-05T01:13:03.488,2023-04-20T08:13:37.671,2023-05-05T18:18:45.250,2023-05-21T07:09:10.813,2023-06-05T22:18:20.881,2023-06-21T14:57:48.848,2023-07-07T08:30:39.188,2023-07-23T01:50:29.413,2023-08-07T18:22:53.793,2023-08-23T09:01:19.471,2023-09-07T21:26:42.452,2023-09-23T06:49:59.613,2023-10-08T13:15:35.088,2023-10-23T16:20:52.491,2023-11-07T16:35:35.923,2023-11-22T14:02:42.416,2023-12-07T09:32:57.128,2023-12-22T03:27:21.902
2024-01-05T20:49:22.550,2024-01-20T14:07:20.722,2024-02-04T08:27:07.542,2024-02-19T04:13:10.243,2024-03-05T02:22:46.017,2024-03-20T03:06:24.010,2024-04-04T07:02:17.542,2024-04-19T13:59:45.282,2024-05-05T00:10:04.868,2024-05-20T12:59:30.157,2024-06-05T04:09:53.416,2024-06-20T20:50:59.463,2024-07-06T14:20:02.928,2024-07-22T07:44:25.027,2024-08-07T00:09:14.570,2024-08-22T14:55:04.416,2024-09-07T03:11:21.281,2024-09-22T12:43:39.806,2024-10-07T18:59:57.531,2024-10-22T22:14:44.603,2024-11-06T22:20:04.720,2024-11-21T19:56:29.888,2024-12-06T15:17:02.735,2024-12-21T09:20:34.240
2025-01-05T02:32:46.381,2025-01-19T20:00:07.465,2025-02-03T14:10:28.165,2025-02-18T10:06:34.233,2025-03-05T08:07:16.039,2025-03-20T09:01:28.786,2025-04-04T12:48:33.564,2025-04-19T19:56:00.906,2025-05-05T05:57:11.215,2025-05-20T18:54:37.929,2025-06-05T09:56:30.906,2025-06-21T02:42:15.383,2025-07-06T20:04:58.762,2025-07-22T13:29:26.758,2025-08-07T05:51:34.272,2025-08-22T20:33:50.859,2025-09-07T08:51:55.108,2025-09-22T18:19:22.224,2025-10-08T00:41:12.635,2025-10-23T03:50:55.738,2025-11-07T04:04:02.920,2025-11-22T01:35:34.662,2025-12-06T21:04:34.977,2025-12-21T15:03:05.149
2026-01-05T08:23:09.443,2026-01-20T01:44:56.092,2026-02-03T20:02:07.986,2026-02-18T15:51:55.518,2026-03-05T13:58:59.122,2026-03-20T14:45:57.425,2026-04-04T18:39:59.140,2026-04-20T01:39:06.461,2026-05-05T11:48:43.545,2026-05-21T00:36:44.149,2026-06-05T15:48:21.664,2026-06-21T08:24:30.089,2026-07-07T01:56:57.102,2026-07-22T19:13:04.914,2026-08-07T11:42:44.157,2026-08-23T02:18:48.030,2026-09-07T14:41:16.768,2026-09-23T00:05:12.550,2026-10-08T06:29:16.066,2026-10-23T09:37:58.217,2026-11-07T09:52:04.931,2026-11-22T07:23:20.935,2026-12-07T02:52:31.670,2026-12-21T20:50:14.315
2027-01-05T14:09:57.992,2027-01-20T07:29:50.943,2027-02-04T01:46:18.243,2027-02-18T21:33:28.617,2027-03-05T19:39:31.591,2027-03-20T20:24:41.312,2027-04-05T00:17:29.234,2027-04-20T07:17:37.494,2027-05-05T17:25:11.163,2027-05-21T06:18:14.336,2027-06-05T21:25:48.044,2027-06-21T14:10:49.854,2027-07-07T07:37:03.470,2027-07-23T01:04:39.401,2027-08-07T17:26:45.846,2027-08-23T08:14:18.861,2027-09-07T20:28:26.245,2027-09-23T06:01:42.866,2027-10-08T12:17:04.181,2027-10-23T15:32:51.775,2027-11-07T15:38:32.801,2027-11-22T13:16:19.177,2027-12-07T08:37:41.223,2027-12-22T02:42:09.997
2028-01-05T19:54:39.015,2028-01-20T13:21:56.085,2028-02-04T07:31:14.274,2028-02-19T03:26:01.405,2028-03-05T01:24:48.210,2028-03-20T02:17:08.271,2028-04-04T06:03:05.128,2028-04-19T13:09:28.947,2028-05-04T23:12:10.753,2028-05-20T12:09:48.025,2028-06-05T03:15:59.485,2028-06-20T20:02:00.111,2028-07-06T13:30:18.166,2028-07-22T06:53:58.847,2028-08-06T23:21:09.796,2028-08-22T14:00:54.947,2028-09-07T02:22:08.290,2028-09-22T11:45:18.284,2028-10-07T18:08:30.113,2028-10-22T21:13:22.398,2028-11-06T21:27:15.441,2028-11-21T18:54:22.576,2028-12-06T14:24:39.386,2028-12-21T08:19:36.925
2029-01-05T01:41:55.662,2029-01-19T19:00:53.263,2029-02-03T13:20:46.407,2029-02-18T09:07:55.866,2029-03-05T07:17:35.802,2029-03-20T08:01:58.688,2029-04-04T11:58:21.616,2029-04-19T18:55:41.969,2029-05-05T05:07:44.776,2029-05-20T17:55:52.050,2029-06-05T09:09:58.025,2029-06-21T01:48:17.547,2029-07-06T19:22:23.993,2029-07-22T12:42:05.608,2029-08-07T05:11:44.433,2029-08-22T19:51:36.562,2029-09-07T08:11:53.244,2029-09-22T17:38:30.138,2029-10-07T23:58:07.075,2029-10-23T03:08:07.565,2029-11-07T03:16:45.129,2029-11-22T00:49:23.076,2029-12-06T20:13:47.238,2029-12-21T14:14:05.964
2030-01-05T07:30:33.660,2030-01-20T00:54:22.239,2030-02-03T19:08:32.191,2030-02-18T14:59:56.945,2030-03-05T13:03:18.575,2030-03-20T13:52:05.911,2030-04-04T17:41:00.449,2030-04-20T00:43:35.045,2030-05-05T10:46:18.242,2030-05-20T23:41:05.154,2030-06-05T14:44:30.011,2030-06-21T07:31:18.801,2030-07-07T00:55:29.248,2030-07-22T18:24:53.694,2030-08-07T10:47:19.834,2030-08-23T01:36:23.870,2030-09-07T13:52:49.954,2030-09-22T23:26:53.223,2030-10-08T05:45:16.339,2030-10-23T09:00:33.849,2030-11-07T09:08:43.976,2030-11-22T06:44:36.155,2030-12-07T02:07:37.278,2030-12-21T20:09:37.902
2031-01-05T13:23:08.056,2031-01-20T06:47:58.361,2031-02-04T00:58:17.913,2031-02-18T20:50:54.879,2031-03-05T18:51:00.172,2031-03-20T19:41:00.255,2031-04-04T23:28:22.901,2031-04-20T06:31:14.365,2031-05-05T16:35:11.310,2031-05-21T05:27:55.311,2031-06-05T20:35:41.551,2031-06-21T13:17:08.329,2031-07-07T06:48:51.325,2031-07-23T00:10:28.612,2031-08-07T16:42:56.378,2031-08-23T07:23:19.059,2031-09-07T19:50:09.187,2031-09-23T05:15:18.082,2031-10-08T11:42:57.693,2031-10-23T14:49:27.500,2031-11-07T15:05:40.506,2031-11-22T12:32:37.720,2031-12-07T08:02:53.818,2031-12-22T01:55:33.664
2032-01-05T19:16:06.057,2032-01-20T12:31:17.686,2032-02-04T06:48:57.164,2032-02-19T02:32:13.025,2032-03-05T00:40:13.217,2032-03-20T01:21:53.514,2032-04-04T05:17:35.616,2032-04-19T12:14:04.442,2032-05-04T22:25:53.377,2032-05-20T11:15:00.299,2032-06-05T02:27:59.955,2032-06-20T19:08:46.403,2032-07-06T12:40:55.077,2032-07-22T06:04:45.351,2032-08-06T22:32:43.448,2032-08-22T13:18:20.634,2032-09-07T01:37:54.281,2032-09-22T11:10:53.324,2032-10-07T17:30:23.773,2032-10-22T20:46:14.047,2032-11-06T20:54:16.259,2032-11-21T18:31:11.832,2032-12-06T13:53:19.932,2032-12-21T07:55:56.798
2033-01-05T01:08:06.950,2033-01-19T18:32:47.484,2033-02-03T12:41:35.786,2033-02-18T08:33:48.970,2033-03-05T06:32:20.681,2033-03-20T07:22:43.709,2033-04-04T11:08:07.730,2033-04-19T18:13:07.514,2033-05-05T04:13:46.068,2033-05-20T17:10:57.641,2033-06-05T08:13:29.011,2033-06-21T01:01:09.299,2033-07-06T18:24:58.189,2033-07-22T11:52:49.696,2033-08-07T04:15:45.538,2033-08-22T19:01:51.255,2033-09-07T07:20:22.111,2033-09-22T16:51:41.191,2033-10-07T23:13:56.980,2033-10-23T02:27:37.607,2033-11-07T02:41:05.508,2033-11-22T00:16:10.909,2033-12-06T19:44:56.350,2033-12-21T13:46:00.468
2034-01-05T07:04:31.674,2034-01-20T00:27:17.990,2034-02-03T18:41:10.264,2034-02-18T14:30:12.065,2034-03-05T12:32:24.049,2034-03-20T13:17:30.237,2034-04-04T17:06:14.970,2034-04-20T00:03:43.991,2034-05-05T10:09:09.752,2034-05-20T22:56:54.049,2034-06-05T14:06:40.843,2034-06-21T06:44:11.561,2034-07-07T00:17:24.450,2034-07-22T17:36:22.860,2034-08-07T10:09:07.427,2034-08-23T00:47:47.031,2034-09-07T13:14:00.572,2034-09-22T22:39:35.147,2034-10-08T05:07:07.848,2034-10-23T08:16:27.872,2034-11-07T08:33:41.068,2034-11-22T06:04:58.594,2034-12-07T01:36:50.336,2034-12-21T19:34:00.915
2035-01-05T12:55:43.792,2035-01-20T06:14:16.725,2035-02-04T00:31:34.711,2035-02-18T20:16:10.685,2035-03-05T18:21:38.997,2035-03-20T19:02:44.517,2035-04-04T22:53:52.252,2035-04-20T05:49:00.444,2035-05-05T15:54:57.245,2035-05-21T04:43:27.894,2035-06-05T19:50:50.564,2035-06-21T12:33:08.430,2035-07-07T06:01:10.242,2035-07-22T23:28:41.596,2035-08-07T15:54:19.605,2035-08-23T06:44:12.159,2035-09-07T19:02:31.405,2035-09-23T04:38:57.325,2035-10-08T10:57:41.766,2035-10-23T14:16:10.781,2035-11-07T14:23:51.541,2035-11-22T12:03:13.792,2035-12-07T07:25:31.807,2035-12-22T01:30:53.698
2036-01-05T18:43:31.487,2036-01-20T12:11:03.595,2036-02-04T06:19:56.659,2036-02-19T02:14:18.434,2036-03-05T00:11:50.531,2036-03-20T01:02:51.141,2036-04-04T04:46:17.030,2036-04-19T11:50:30.404,2036-05-04T21:49:24.207,2036-05-20T10:44:53.587,2036-06-05T01:47:00.856,2036-06-20T18:32:14.493,2036-07-06T11:57:33.361,2036-07-22T05:22:41.533,2036-08-06T21:48:55.891,2036-08-22T12:32:24.804,2036-09-07T00:54:57.729,2036-09-22T10:23:21.721,2036-10-07T16:48:59.505,2036-10-22T19:58:51.565,2036-11-06T20:14:40.375,2036-11-21T17:45:19.384,2036-12-06T13:16:03.003,2036-12-21T07:12:53.926
2037-01-05T00:34:04.674,2037-01-19T17:53:45.569,2037-02-03T12:11:38.574,2037-02-18T07:58:56.061,2037-03-05T06:06:12.127,2037-03-20T06:50:16.943,2037-04-04T10:44:03.048,2037-04-19T17:40:20.369,2037-05-05T03:49:29.347,2037-05-20T16:35:29.645,2037-06-05T07:46:52.327,2037-06-21T00:22:27.707,2037-07-06T17:55:10.096,2037-07-22T11:12:37.295,2037-08-07T03:43:04.011,2037-08-22T18:22:02.516,2037-09-07T06:45:35.670,2037-09-22T16:13:06.117,2037-10-07T22:37:49.917,2037-10-23T01:49:55.452,2037-11-07T02:04:06.755,2037-11-21T23:38:25.233,2037-12-06T19:07:19.519,2037-12-21T13:07:46.129
2038-01-05T06:26:49.885,2038-01-19T23:48:53.137,2038-02-03T18:03:49.492,2038-02-18T13:52:09.511,2038-03-05T11:55:31.322,2038-03-20T12:40:39.481,2038-04-04T16:29:29.535,2038-04-19T23:28:33.517,2038-05-05T09:31:13.869,2038-05-20T22:22:43.624,2038-06-05T13:25:40.139,2038-06-21T06:09:25.208,2038-07-06T23:32:33.237,2038-07-22T16:59:55.968,2038-08-07T09:21:20.482,2038-08-23T00:10:10.573,2038-09-07T12:26:19.135,2038-09-22T22:02:18.057,2038-10-08T04:21:36.514,2038-10-23T07:40:42.766,2038-11-07T07:50:51.336,2038-11-22T05:31:22.361,2038-12-07T00:56:25.179,2038-12-21T19:02:21.706
2039-01-05T12:16:41.640,2039-01-20T05:43:42.479,2039-02-03T23:52:56.559,2039-02-18T19:45:46.730,2039-03-05T17:43:04.592,2039-03-20T18:32:04.014,2039-04-04T22:15:49.312,2039-04-20T05:17:49.061,2039-05-05T15:18:10.630,2039-05-21T04:10:55.022,2039-06-05T19:15:30.852,2039-06-21T11:57:27.092,2039-07-07T05:26:10.745,2039-07-22T22:48:11.909,2039-08-07T15:18:07.821,2039-08-23T05:58:41.780,2039-09-07T18:24:04.936,2039-09-23T03:49:38.503,2039-10-08T10:17:19.716,2039-10-23T13:25:05.737,2039-11-07T13:42:56.091,2039-11-22T11:12:12.913,2039-12-07T06:45:04.547,2039-12-22T00:40:38.752
2040-01-05T18:03:38.663,2040-01-20T11:21:05.253,2040-02-04T05:39:55.332,2040-02-19T01:23:51.341,2040-03-04T23:31:16.030,2040-03-20T00:11:43.813,2040-04-04T04:05:33.248,2040-04-19T10:59:35.736,2040-05-04T21:09:23.471,2040-05-20T09:55:45.798,2040-06-05T01:08:04.109,2040-06-20T17:46:25.585,2040-07-06T11:19:16.529,2040-07-22T04:40:51.844,2040-08-06T21:10:05.443,2040-08-22T11:53:21.954,2040-09-07T00:14:08.901,2040-09-22T09:44:57.449,2040-10-07T16:05:33.832,2040-10-22T19:19:46.806,2040-11-06T19:29:19.963,2040-11-21T17:05:32.752,2040-12-06T12:30:04.711,2040-12-21T06:32:52.463
2041-01-04T23:48:02.549,2041-01-19T17:13:21.598,2041-02-03T11:25:12.112,2041-02-18T07:17:19.487,2041-03-05T05:17:53.068,2041-03-20T06:06:51.194,2041-04-04T09:52:38.101,2041-04-19T16:54:58.106,2041-05-05T02:54:32.560,2041-05-20T15:48:53.170,2041-06-05T06:49:48.543,2041-06-20T23:35:54.565,2041-07-06T16:58:32.866,2041-07-22T10:26:43.459,2041-08-07T02:48:44.606,2041-08-22T17:36:18.812,2041-09-07T05:53:37.138,2041-09-22T15:26:36.307,2041-10-07T21:47:01.061,2041-10-23T01:02:00.479,2041-11-07T01:13:09.257,2041-11-21T22:49:20.908,2041-12-06T18:15:50.367,2041-12-21T12:18:22.622
2042-01-05T05:35:10.900,2042-01-19T23:00:06.212,2042-02-03T17:12:47.113,2042-02-18T13:04:33.320,2042-03-05T11:05:50.923,2042-03-20T11:53:22.004,2042-04-04T15:40:41.692,2042-04-19T22:39:49.337,2042-05-05T08:42:53.494,2042-05-20T21:31:17.983,2042-06-05T12:38:16.214,2042-06-21T05:15:53.581,2042-07-06T22:47:20.052,2042-07-22T16:06:23.482,2042-08-07T08:38:51.545,2042-08-22T23:18:11.156,2042-09-07T11:45:30.994,2042-09-22T21:11:36.714,2042-10-08T03:40:37.151,2042-10-23T06:49:37.095,2042-11-07T07:07:42.065,2042-11-22T04:37:26.010,2042-12-07T00:09:17.029,2042-12-21T18:04:07.235
2043-01-05T11:25:24.406,2043-01-20T04:41:38.703,2043-02-03T22:58:49.509,2043-02-18T18:41:43.168,2043-03-05T16:47:52.561,2043-03-20T17:27:51.890,2043-04-04T21:20:20.117,2043-04-20T04:14:30.331,2043-05-05T14:22:07.932,2043-05-21T03:09:12.441,2043-06-05T18:18:13.190,2043-06-21T10:58:26.162,2043-07-07T04:27:54.479,2043-07-22T21:53:31.295,2043-08-07T14:20:50.009,2043-08-23T05:09:51.510,2043-09-07T17:30:15.042,2043-09-23T03:07:00.353,2043-10-08T09:27:47.467,2043-10-23T12:46:52.520,2043-11-07T12:55:53.994,2043-11-22T10:35:07.531,2043-12-07T05:57:26.460,2043-12-22T00:01:18.356
2044-01-05T17:12:35.053,2044-01-20T10:37:30.003,2044-02-04T04:44:21.498,2044-02-19T00:35:52.617,2044-03-04T22:31:39.168,2044-03-19T23:20:36.901,2044-04-04T03:03:06.912,2044-04-19T10:06:48.243,2044-05-04T20:05:32.441,2044-05-20T09:01:57.281,2044-06-05T00:04:04.533,2044-06-20T16:51:12.733,2044-07-06T10:15:59.595,2044-07-22T03:43:26.410,2044-08-06T20:08:40.906,2044-08-22T10:54:45.061,2044-09-06T23:16:35.286,2044-09-22T08:47:56.772,2044-10-07T15:13:22.090,2044-10-22T18:26:22.790,2044-11-06T18:42:03.299,2044-11-21T16:15:23.016,2044-12-06T11:45:16.282,2044-12-21T05:43:40.324
2045-01-04T23:02:35.438,2045-01-19T16:22:17.498,2045-02-03T10:36:21.992,2045-02-18T06:22:26.542,2045-03-05T04:25:06.487,2045-03-20T05:07:42.209,2045-04-04T08:57:21.342,2045-04-19T15:52:56.076,2045-05-05T01:59:32.806,2045-05-20T14:46:05.741,2045-06-05T05:57:06.517,2045-06-20T22:34:00.030,2045-07-06T16:08:11.047,2045-07-22T09:26:54.149,2045-08-07T01:59:46.606,2045-08-22T16:39:15.679,2045-09-07T05:05:33.697,2045-09-22T14:33:01.137,2045-10-07T21:00:44.898,2045-10-23T00:12:36.882,2045-11-07T00:29:56.683,2045-11-21T22:03:56.572,2045-12-06T17:35:39.998,2045-12-21T11:35:12.667
2046-01-05T04:56:05.498,2046-01-19T22:15:59.116,2046-02-03T16:31:10.760,2046-02-18T12:15:43.424,2046-03-05T10:17:52.189,2046-03-20T10:57:57.575,2046-04-04T14:45:02.871,2046-04-19T21:39:00.865,2046-05-05T07:40:45.951,2046-05-20T20:28:34.542,2046-06-05T11:32:18.967,2046-06-21T04:14:47.216,2046-07-06T21:40:23.999,2046-07-22T15:08:48.377,2046-08-07T07:33:26.516,2046-08-22T22:24:38.394,2046-09-07T10:43:23.802,2046-09-22T20:21:50.459,2046-10-08T02:42:30.827,2046-10-23T06:03:40.153,2046-11-07T06:14:15.708,2046-11-22T03:56:22.986,2046-12-06T23:21:24.182,2046-12-21T17:28:35.691
2047-01-05T10:42:29.196,2047-01-20T04:10:04.072,2047-02-03T22:18:08.192,2047-02-18T18:10:29.370,2047-03-05T16:05:24.982,2047-03-20T16:52:46.536,2047-04-04T20:32:48.588,2047-04-20T03:32:38.829,2047-05-05T13:28:38.130,2047-05-21T02:20:01.750,2047-06-05T17:20:58.871,2047-06-21T10:03:36.194,2047-07-07T03:30:35.448,2047-07-22T20:56:10.867,2047-08-07T13:26:01.534,2047-08-23T04:11:00.505,2047-09-07T16:38:17.600,2047-09-23T02:08:12.649,2047-10-08T08:37:49.357,2047-10-23T11:48:41.055,2047-11-07T12:07:28.399,2047-11-22T09:38:23.802,2047-12-07T05:11:09.558,2047-12-21T23:07:21.905
2048-01-05T16:29:30.169,2048-01-20T09:47:14.386,2048-02-04T04:04:44.300,2048-02-18T23:48:37.730,2048-03-04T21:54:14.499,2048-03-19T22:33:57.800,2048-04-04T02:25:23.734,2048-04-19T09:17:34.529,2048-05-04T19:24:37.097,2048-05-20T08:08:10.606,2048-06-04T23:18:25.673,2048-06-20T15:54:03.345,2048-07-06T09:26:55.659,2048-07-22T02:47:04.677,2048-08-06T19:18:58.937,2048-08-22T10:02:37.144,2048-09-06T22:28:15.226,2048-09-22T08:00:47.506,2048-10-07T14:26:51.952,2048-10-22T17:42:52.231,2048-11-06T17:56:58.277,2048-11-21T15:33:38.719,2048-12-06T11:00:57.156,2048-12-21T05:02:24.412
2049-01-04T22:18:51.542,2049-01-19T15:41:21.424,2049-02-03T09:53:31.390,2049-02-18T05:42:25.543,2049-03-05T03:43:04.216,2049-03-20T04:28:45.687,2049-04-04T08:14:31.596,2049-04-19T15:13:36.286,2049-05-05T01:12:47.009,2049-05-20T14:03:57.372,2049-06-05T05:03:53.058,2049-06-20T21:47:27.974,2049-07-06T15:08:58.578,2049-07-22T08:36:27.447,2049-08-07T00:58:04.409,2049-08-22T15:47:29.373,2049-09-07T04:05:41.494,2049-09-22T13:42:45.291,2049-10-07T20:05:05.190,2049-10-22T23:25:22.062,2049-11-06T23:38:34.487,2049-11-21T21:19:27.880,2049-12-06T16:46:48.596,2049-12-21T10:52:20.009
